{"configs_key":{"ENABLE_NEW_HOME_PAGE":"true","LAZY_HUAWEI_LOGIN":"false","VideoAdUnit":"{\"adUnitID\":\"\/417241724\/tv_truepreroll_prod\",\"templateIDs\":[\"11829568\",\"11829577\",\"11826365\",\"11829580\"],\"showAds\":false,\"videoBeforeFirstAd\":0,\"reoccurenceCount\":4}","about_desc":"{\"en_US\":\"Unlimited Entertainment Hub with Bollywood, Regional & International content. Content available across genres so take your pick from the huge collection curated for you.\"}","about_desc_v2":"{\"en_US\":\"Unlimited Entertainment Hub with Bollywood, Regional & International content. Content available across genres so take your pick from the huge collection curated for you.\"}","about_heading":"{\"en_US\":\"Airtel Xstream - Best of Movies, TV Shows, Trailers, Videos & more!\"}","about_heading_v2":"{\"en_US\":\"Airtel TV - Best of Live TV, Movies, TV Shows, Trailers, Videos & more!\"}","about_us":"{\"en_US\":\"About \"}","about_us_options_list":"[{\"section_title\":\"{\\\"en_US\\\":\\\"Share App\\\"}\",\"actionId\":\"share_app\"},{\"section_title\":\"{\\\"en_US\\\":\\\"FAQ\\\"}\",\"actionId\":\"faq\"},{\"section_title\":\"{\\\"en_US\\\":\\\"App Tour\\\"}\",\"actionId\":\"app_tour\"},{\"section_title\":\"{\\\"en_US\\\": \\\"Terms of Use\\\"}\",\"actionId\":\"terms_of_use\"},{\"section_title\":\"{\\\"en_US\\\":\\\"Privacy Policy\\\"}\",\"actionId\":\"privacy_policy\"}]","ad_master_switch":"true","ad_started_timeout_enabled_preroll_dai":"true","ad_timeout":"{\"ad_timeout_in_milleSecond\":5000,\"errorCode\":-99,\"errorMsg\":\"Could not serve AD within permissible time-limit\"}","ad_variant":"{\"type\":\"v1\"}","add_to_bill_config":"{\"isFeatureEnabled\":true,\"billDetails\":{\"FLSDL\":\"Broadband\",\"POSTPAID\":\"Mobile\"},\"paymentModes\":{\"payNow\":{\"designTitle\":\"Scan & Pay\",\"iconUrl\":\"https:\/\/drive.google.com\/file\/d\/12Fjl2ozsPXyLnemwx2VjbGE27ULtxBII\/view?usp=share_link\"},\"payLater\":{\"designTitle\":\"Add To Bill\",\"iconUrl\":\"https:\/\/drive.google.com\/file\/d\/12Fjl2ozsPXyLnemwx2VjbGE27ULtxBII\/view?usp=share_link\"}},\"ls_atb_loading_state_popup_id\":\"ls_atb_loading_state_popup_id\",\"pollingConfig\":{\"pollingTimer\":60,\"pollingFrequency\":10}}","add_to_recent_time_duration":"60","ads_status_update_interval":"3","aerserv_ad_timeout":"{\"aerserv_ad_timeout_in_millisecond\":500,\"errorCode\":-99,\"errorMsg\":\"Could not serve AD within permissible time-limit\"}","amazon_prime_itunes_url":"itmss:\/\/itunes.apple.com\/app\/id545519333","analytics_end_point_url":"http:\/\/events.airtel.tv\/","analytics_worker":"workmanager","apl_game_s3_url_prod":"https:\/\/s3.ap-south-1.amazonaws.com\/airteltv-play-along-game\/prod-t20-live-match\/current_match.json","apl_leaderboard_base_url_prod":"https:\/\/playalong.airtel.tv\/prod-leaderboard\/","appUpdateConfig":"{\"switch\":true,\"liveAppMinSdk\":\"21\",\"force_update_config\":{\"targetAndBelow\":\"12593\"},\"soft_update_config\":{\"liveAppVersion\":\"12604\",\"frequencyInterval\":2,\"maxCount\":3},\"update_meta\":{\"updateTitle\":\"Critical Update\",\"updateAvailableMessage\":\"We have upgraded our services to provide you a significantly better experience. Please update your app.\",\"ctaText\":\"Upgrade Now\",\"bgImageURL\":\"https:\/\/image.airtel.tv\/grandslam\/content\/2019_5_9\/2-Popup-App-Upgrade-592X832.jpg\"}}","app_footer_subtext":"Made with love in India","app_language_selection_variant":"1","appsflyer_highengage_event_counter":"5","appsflyer_switch":"false","auto_carousel_duration":"4000","auto_suggest_flow_ab":"1","autosuggest_max_limit":"5","autosuggest_start_char_position":"3","banner_ads_sdk_config":"{\"enabled\":false,\"refreshInterval\":300000,\"cachePurgeInterval\":259200000,\"retryInterval\":7200000,\"expiryInterval\":3600000}","bbz_countdown_threshold":"14400000","bitrate_new_configuration":"{ \t\"HOICHOI\": { \t\t\"high\": \"2580\", \t\t\"medium\": \"900\", \t\t\"low\": \"500\" \t}, \t\"RAJTV\": { \t\t\"high\": \"3600\", \t\t\"medium\": \"900\", \t\t\"low\": \"500\" \t}, \t\"MANORAMAMAX\": { \t\t\"high\": \"948\", \t\t\"medium\": \"600\", \t\t\"low\": \"300\" \t}, \t\"SOCIALSWAG\": { \t\t\"high\": \"2516\", \t\t\"medium\": \"900\", \t\t\"low\": \"500\" \t}, \t\"KANCCHALANKA\": { \t\t\"high\": \"2516\", \t\t\"medium\": \"900\", \t\t\"low\": \"500\" \t}, \t\"DOCUBAY\": { \t\t\"high\": \"950\", \t\t\"medium\": \"600\", \t\t\"low\": \"300\" \t}, \t\"DOLLYWOOD\": { \t\t\"high\": \"2528\", \t\t\"medium\": \"900\", \t\t\"low\": \"500\" \t}, \t\"CHAUPAL\": { \t\t\"high\": \"20000\", \t\t\"medium\": \"900\", \t\t\"low\": \"500\" \t}, \t\"DIVO\": { \t\t\"high\": \"4192\", \t\t\"medium\": \"900\", \t\t\"low\": \"500\" \t}, \t\"NAMMAFLIX\": { \t\t\"high\": \"4000\", \t\t\"medium\": \"900\", \t\t\"low\": \"500\" \t}, \t\"EROSNOW\": { \t\t\"high\": \"4000\", \t\t\"medium\": \"900\", \t\t\"low\": \"500\" \t}, \t\"SONYLIV\": { \t\t\"high\": \"1300\", \t\t\"medium\": \"600\", \t\t\"low\": \"330\" \t}, \t\"SONYLIV_LIVE\": { \t\t\"high\": \"4571\", \t\t\"medium\": \"1200\", \t\t\"low\": \"500\" \t}, \t\"SONYLIV_VOD\": { \t\t\"high\": \"5500\", \t\t\"medium\": \"1200\", \t\t\"low\": \"500\" \t}, \t\"SUNNXT\": { \t\t\"high\": \"2700\", \t\t\"medium\": \"900\", \t\t\"low\": \"500\" \t}, \t\"LIONSGATEPLAY\": { \t\t\"high\": \"1600\", \t\t\"medium\": \"900\", \t\t\"low\": \"500\" \t}, \t\"MWTV\": { \t\t\"high\": \"1300\", \t\t\"medium\": \"600\", \t\t\"low\": \"330\" \t}, \t\"ULTRA\": { \t\t\"high\": \"4000\", \t\t\"medium\": \"800\", \t\t\"low\": \"600\" \t}, \t\"SRIBALAJIVIDEO\": { \t\t\"high\": \"1600\", \t\t\"medium\": \"1000\", \t\t\"low\": \"600\" \t}, \t\"SRIGANESHVIDEO\": { \t\t\"high\": \"1600\", \t\t\"medium\": \"1000\", \t\t\"low\": \"600\" \t}, \t\"KEYENTERTAINMENTS\": { \t\t\"high\": \"1600\", \t\t\"medium\": \"1000\", \t\t\"low\": \"600\" \t}, \t\"MILLENNIUMVIDEOS\": { \t\t\"high\": \"1600\", \t\t\"medium\": \"1000\", \t\t\"low\": \"600\" \t}, \t\"SILLYMONKS\": { \t\t\"high\": \"1600\", \t\t\"medium\": \"1000\", \t\t\"low\": \"600\" \t}, \t\"VOLGAVIDEOS\": { \t\t\"high\": \"1600\", \t\t\"medium\": \"1000\", \t\t\"low\": \"600\" \t}, \t\"SHEMAROOME\": { \t\t\"high\": \"12261\", \t\t\"medium\": \"600\", \t\t\"low\": \"200\" \t}, \t\"VOOT\": { \t\t\"high\": \"1000\", \t\t\"medium\": \"700\", \t\t\"low\": \"500\" \t}, \t\"TVPROMO\": { \t\t\"high\": \"2000\", \t\t\"medium\": \"900\", \t\t\"low\": \"500\" \t}, \t\"NDTV\": { \t\t\"high\": \"1300\", \t\t\"medium\": \"600\", \t\t\"low\": \"330\" \t}, \t\"HUNGAMA\": { \t\t\"high\": \"1200\", \t\t\"medium\": \"900\", \t\t\"low\": \"500\" \t}, \t\"HUAWEI\": { \t\t\"high\": \"1300\", \t\t\"medium\": \"600\", \t\t\"low\": \"330\" \t}, \t\"editorji\": { \t\t\"high\": \"1300\", \t\t\"medium\": \"900\", \t\t\"low\": \"500\" \t}, \t\"EPICON\": { \t\t\"high\": \"1700\", \t\t\"medium\": \"700\", \t\t\"low\": \"500\" \t}, \t\"KLIKK\": { \t\t\"high\": \"2700\", \t\t\"medium\": \"1200\", \t\t\"low\": \"500\" \t}, \"FANCODE\": { \t\t\"high\": \"4500\", \t\t\"medium\": \"1400\", \t\t\"low\": \"750\" \t}  }","bola_buffer":"35","bola_channel_config":"{ \t\"MWTV_LIVETVCHANNEL_581\": false, \t\"MWTV_LIVETVCHANNEL_580\": false, \t\"MWTV_LIVETVCHANNEL_295\": false, \t\"ADVANCED_CHANNEL_1fa9e17c-319b-4c9e-ad17-478f21059c06\": false, \t\"ADVANCED_CHANNEL_c2c0c21c-6681-430b-bab2-7a1398d01f12\": false, \t\"ADVANCED_CHANNEL_4ae4e044-5b86-46c7-9cf9-78f102e11378\": false, \t\"ADVANCED_CHANNEL_07848a7d-ee6b-464a-974e-d67c9abd0b7f\": false, \t\"ADVANCED_CHANNEL_39484963-8e00-4cf2-b7ad-6fafc28a767c\": false, \t\"ADVANCED_CHANNEL_8f74e7da-d445-44b8-a734-c1f7a7f98b20\": false, \t\"ADVANCED_CHANNEL_1e8ca435-e657-4b6f-9314-260e5ed4f29c\": false, \t\"ADVANCED_CHANNEL_95817f37-02ef-4f84-b8c9-424e4e879343\": false, \t\"ADVANCED_CHANNEL_e059ab6c-44c3-42ce-a5d8-b5e8c99fd3fe\": false, \t\"ADVANCED_CHANNEL_1818c2f1-e498-4c5b-99fa-d31f1db084c2\": false, \t\"ADVANCED_CHANNEL_e212bb5b-c4bd-43be-b7d6-08e37cb69ead\": false, \t\"ADVANCED_CHANNEL_952eaf30-795d-4ef3-bea6-4b1f4dcf2338\": false, \t\"ADVANCED_CHANNEL_886666bf-2b0e-40c1-88e1-e61314b90238\": false, \t\"ADVANCED_CHANNEL_832e6776-7e78-43c8-a8ad-a1370a7157cc\": false, \t\"ADVANCED_CHANNEL_788a1ea9-1ea5-4ec4-bdde-1f34cfdd370d\": false, \t\"ADVANCED_CHANNEL_dfd8f300-81fc-4ed6-a206-a1160f6c280f\": false, \t\"ADVANCED_CHANNEL_ee09665b-e5b0-4001-b42e-aa47164471de\": false, \t\"ADVANCED_CHANNEL_3c6d79d2-44f2-44ed-8d4e-388367262066\": false, \t\"SONYLIV_LIVE_LIVETVCHANNEL_10000000000240000\": false, \t\"SONYLIV_LIVE_LIVETVCHANNEL_10000000000540000\": false, \t\"SONYLIV_LIVE_LIVETVCHANNEL_10000000000620000\": false, \t\"SONYLIV_LIVE_LIVETVCHANNEL_10000000004390000\": false, \t\"SONYLIV_LIVE_LIVETVCHANNEL_10000000006000000\": false, \t\"SONYLIV_LIVE_LIVETVCHANNEL_10000000007510000\": false, \t\"SONYLIV_LIVE_LIVETVCHANNEL_10000000009310000\": false, \t\"SONYLIV_LIVE_LIVETVCHANNEL_10000000009390000\": false, \t\"SONYLIV_LIVE_LIVETVCHANNEL_10000000009400000\": false, \t\"SONYLIV_LIVE_LIVETVCHANNEL_10000000022850000\": false, \t\"SONYLIV_LIVE_LIVETVCHANNEL_10000000025050000\": false, \t\"SONYLIV_LIVE_LIVETVCHANNEL_10000000043750000\": false, \t\"SONYLIV_LIVE_LIVETVCHANNEL_10000000048550000\": false, \t\"SONYLIV_LIVE_LIVETVCHANNEL_10000000051840000\": false, \t\"SONYLIV_LIVE_LIVETVCHANNEL_10000000053070000\": false, \t\"SONYLIV_LIVE_LIVETVCHANNEL_10000000053080000\": false, \t\"SONYLIV_LIVE_LIVETVCHANNEL_10000000060520000\": false, \t\"SONYLIV_LIVE_LIVETVCHANNEL_10000000075992217\": false, \t\"SONYLIV_LIVE_LIVETVCHANNEL_10000000075992218\": false }","bola_cp_config":"{\"HOICHOI\":false,\"SONYLIV_VOD\":false}","bola_min_buffer_config":"","bola_stable_time_ms":"12000","branch_switch":"true","buffer_time":"{\"HOOQ\":35000,\"else\":35000}","bundleLimitReached":"{\"en_US\":\"You have watched your allotted COUNT of movies. Subscribe to get unlimited access to the Eros Now catalog.\"}","bundleLimitReachedHeading":"{\"en_US\":\"Eros Now Premium Movie\"}","bundleLimitReachedHeadingHooqMovie":"{\"en_US\":\"Hooq Premium Movie\"}","bundleLimitReachedHeadingHooqShow":"{\"en_US\":\"Subscribe Hooq\"}","bundleLimitReachedHooqMovie":"{\"en_US\":\"You have watched your allotted COUNT of movies. Subscribe to get unlimited access to the Hooq catalog.\"}","bundleLimitReachedSonyLivMovie":"{\"en_US\":\"You have watched your allotted COUNT of movies. Subscribe to get unlimited access to the SonyLiv catalog.\"}","bundleNotificationInterval":"999","bundlePlanPageText_new":"{\"en_US\":\"You are eligible for the Airtel TV Unlimited Pack! Activate this offer by playing any Eros Now Premium or Hooq movie.\"}","bundle_update_interval":"8","catchup_horizontal_layout":"false","cdp_free_tag_disabled_content_types":"[\"TVSHOW\",\"TRAILER\"]","chromecast_2":"{\"receiver_app_id\":\"9CEB2C52\"}","configAdUnitAerserv":"{\"adUnitID\":\"\/417241724\/tv_native_mediation_video_prod\",\"templateIDs\":[\"11768316\"],\"showAds\":false,\"placementId\":\"1064958\"}","contact_us_email":"support@airtelxstream.in","content_descriptor_interval":"5000","content_detail_page_adUnit":"{\"adUnitID\":\"\/417241724\/tv_content_native_prod\",\"showAds\":true}","content_interest_min_selection_count":"5","content_share_text":"Watching %1$s on %2$s! %3$s","content_start_in_time":"86400","continue_watching_local_notification":"false","critical_events":"[\"play_init\",\"play_start\",\"play_resume\",\"play_pause\",\"error_playback\",\"play_session_end\",\"play_init\",\"play_status\",\"play_stop\",\"app_start\",\"app_init\",\"app_status\",\"is_targetuser\",\"is_prd\",\"is_psd\",\"is_dth\",\"install\",\"error_page\",\"ready_to_play\",\"play_start_error\",\"play_session_end\",\"player_seek\",\"player_log\",\"app_crashed\",\"app_kill\",\"app_in_app_redirection\",\"app_foreground\",\"app_background\"]","currentContentProviders":"[\"EROSNOW\",\"HOOQ\",\"HUAWEI\",\"SONYLIV\",\"FASTFILMZ\",\"AMAZON\",\"HOTSTAR\",\"MWTV\",\"ALTBALAJI\"]","dai_ad_failure_fallback_cps":"[\"SONYLIV_LIVE\",\"FANCODE\",\"SONYLIV_VOD\"]","dash_segment_file_ext":"[\".mp4\",\".m4f\"]","deeplinks_for_custom_navigation":" [\"sub\/purchase\",\"sub\/manage\",\"subscriptions\/subscribe\/my-account\"]","default_quality_config":"[{\"connection_id\":\"2g\",\"preferred_quality\":\"dataSaver\"},{\"connection_id\":\"3g\",\"preferred_quality\":\"HD\"},{\"connection_id\":\"4g\",\"preferred_quality\":\"HD\"},{\"connection_id\":\"wifi\",\"preferred_quality\":\"HD\"}]","desc_login_with_airtel_number":"Get access to Xstream Premium channel-Live Tv, movies and TV shows on Airtel Xstream app exclusively to Airtel customers","device_landscape":"true","dialog_common_api_error":"{\"en_US\":\"Looks like one of our actors is throwing a tantrum. We have taken a note of the error. Please try again later.\"}","dialog_upgrade_app":"{\"en_US\":\"Update now to watch Live TV, latest shows and blockbuster movies. This version brings significant performance improvements and bug fixes.\"}","disableBannerClick":"false","disable_airtel_tv_app":"false","disable_layout_fallback_cache":"[   \"contentDetail\",   \"castNMore\" ]","discover_filter":"{\"movie\":[{\"category\":[{\"backgroundimage\":\"\",\"icon\":\"\",\"label\":\"English\",\"tag\":\"en\"},{\"backgroundimage\":\"\",\"icon\":\"\",\"label\":\"Hindi\",\"tag\":\"hi\"},{\"backgroundimage\":\"\",\"icon\":\"\",\"label\":\"Tamil\",\"tag\":\"ta\"},{\"backgroundimage\":\"\",\"icon\":\"\",\"label\":\"Malayalam\",\"tag\":\"ml\"},{\"backgroundimage\":\"\",\"icon\":\"\",\"label\":\"Telugu\",\"tag\":\"te\"},{\"backgroundimage\":\"\",\"icon\":\"\",\"label\":\"Marathi\",\"tag\":\"mr\"},{\"backgroundimage\":\"\",\"icon\":\"\",\"label\":\"Bengali\",\"tag\":\"bn\"},{\"backgroundimage\":\"\",\"icon\":\"\",\"label\":\"Kannada\",\"tag\":\"kn\"},{\"backgroundimage\":\"\",\"icon\":\"\",\"label\":\"Punjabi\",\"tag\":\"pa\"}],\"icon\":\"http:\/\/appgrid-api-cdn.cloud.accedo.tv\/asset\/file\/58f8bb44812a4f0219608ccd\",\"label\":\"Language\"},{\"category\":[{\"backgroundimage\":\"http:\/\/appgrid-api-cdn.cloud.accedo.tv\/asset\/file\/57ce4a35cf601e01ef300744\",\"icon\":\"http:\/\/appgrid-api-cdn.cloud.accedo.tv\/asset\/file\/57cea754cf601e01ef3be3fe\",\"label\":\"SIMPLY LOVE\",\"tag\":\"Tag Simply Love\"},{\"backgroundimage\":\"http:\/\/appgrid-api-cdn.cloud.accedo.tv\/asset\/file\/57ce440dcf601e01ef2f4907\",\"icon\":\"http:\/\/appgrid-api-cdn.cloud.accedo.tv\/asset\/file\/57cea734cf601e01ef3be0d1\",\"label\":\"COMEDY\",\"tag\":\"Comedy\"},{\"backgroundimage\":\"http:\/\/appgrid-api-cdn.cloud.accedo.tv\/asset\/file\/57ce43f5cf601e01ef2f4583\",\"icon\":\"http:\/\/appgrid-api-cdn.cloud.accedo.tv\/asset\/file\/57cea70ccf601e01ef3bdc63\",\"label\":\"CULT CLASSICS\",\"tag\":\"Tag Cult Classics\"},{\"backgroundimage\":\"http:\/\/appgrid-api-cdn.cloud.accedo.tv\/asset\/file\/57ce4a4fcf601e01ef3009f8\",\"icon\":\"http:\/\/appgrid-api-cdn.cloud.accedo.tv\/asset\/file\/57cea6eccf601e01ef3bd746\",\"label\":\"BIOPICS\",\"tag\":\"Tag Biopics\"},{\"backgroundimage\":\"http:\/\/appgrid-api-cdn.cloud.accedo.tv\/asset\/file\/57ce4474cf601e01ef2f5771\",\"icon\":\"http:\/\/appgrid-api-cdn.cloud.accedo.tv\/asset\/file\/57cea809cf601e01ef3bf35f\",\"label\":\"SCI FI\",\"tag\":\"Tag SciFi\"},{\"backgroundimage\":\"http:\/\/appgrid-api-cdn.cloud.accedo.tv\/asset\/file\/57ce4498cf601e01ef2f5b22\",\"icon\":\"http:\/\/appgrid-api-cdn.cloud.accedo.tv\/asset\/file\/57cea074cf601e01ef3b65e3\",\"label\":\"BOX OFFICE BIGGIES\",\"tag\":\"Tag Box Office Biggies\"},{\"backgroundimage\":\"http:\/\/appgrid-api-cdn.cloud.accedo.tv\/asset\/file\/57ce44b1cf601e01ef2f5edc\",\"icon\":\"http:\/\/appgrid-api-cdn.cloud.accedo.tv\/asset\/file\/57ce9f30cf601e01ef3b5d36\",\"label\":\"WINNERS GALLERY\",\"tag\":\"Tag Winners Gallery\"},{\"backgroundimage\":\"http:\/\/appgrid-api-cdn.cloud.accedo.tv\/asset\/file\/57ce442bcf601e01ef2f4c94\",\"icon\":\"http:\/\/appgrid-api-cdn.cloud.accedo.tv\/asset\/file\/57f5f081ca7d1c020f29d9b2\",\"label\":\"CRITICS' CHOICE\",\"tag\":\"Tag Critics Choice\"},{\"backgroundimage\":\"http:\/\/appgrid-api-cdn.cloud.accedo.tv\/asset\/file\/57ce4a76cf601e01ef3009fb\",\"icon\":\"http:\/\/appgrid-api-cdn.cloud.accedo.tv\/asset\/file\/57cea786cf601e01ef3beec0\",\"label\":\"MYSTERY ROOM\",\"tag\":\"Tag Mystery Room\"}],\"icon\":\"http:\/\/appgrid-api-cdn.cloud.accedo.tv\/asset\/file\/58f9ee02812a4f021960b43a\",\"label\":\"Genres\"},{\"category\":[{\"backgroundimage\":\"\",\"icon\":\"\",\"label\":\"Kids\",\"tag\":\"KidsFamily\"},{\"backgroundimage\":\"\",\"icon\":\"\",\"label\":\"Teenagers\",\"tag\":\"FamilyTeens\"},{\"backgroundimage\":\"\",\"icon\":\"\",\"label\":\"Adult\",\"tag\":\"Adult\"}],\"icon\":\"http:\/\/appgrid-api-cdn.cloud.accedo.tv\/asset\/file\/58ff1f138552dd02216a722c\",\"label\":\"Rating\"},{\"category\":[{\"backgroundimage\":\"\",\"icon\":\"\",\"label\":\"Eros Now\",\"tag\":\"EROSNOW\"},{\"backgroundimage\":\"\",\"icon\":\"\",\"label\":\"HOOQ\",\"tag\":\"HOOQ\"},{\"backgroundimage\":\"\",\"icon\":\"\",\"label\":\"Sony LIV\",\"tag\":\"SONYLIV\"}],\"icon\":\"http:\/\/appgrid-api-cdn.cloud.accedo.tv\/asset\/file\/58f8bae4812a4f0219608cbf\",\"label\":\"Channel\"},{\"category\":[{\"backgroundimage\":\"\",\"icon\":\"\",\"label\":\"Newly Added\",\"tag\":\"DATE_DESC\"},{\"backgroundimage\":\"\",\"icon\":\"\",\"label\":\"Year of Release\",\"tag\":\"REL_YEAR_ASC\"},{\"backgroundimage\":\"\",\"icon\":\"\",\"label\":\"IMDb Rating\",\"tag\":\"IMDB\"}],\"icon\":\"http:\/\/appgrid-api-cdn.cloud.accedo.tv\/asset\/file\/58f8bb2e812a4f0219608cc9\",\"label\":\"Sort By\"}],\"shorts\":[{\"category\":[{\"backgroundimage\":\"http:\/\/appgrid-api-cdn.cloud.accedo.tv\/asset\/file\/57d24383d63ef501f4378d5a\",\"icon\":\"http:\/\/appgrid-api-cdn.cloud.accedo.tv\/asset\/file\/57d225a5d63ef501f434443a\",\"label\":\"TRAILERS\",\"tag\":\"Tag Trailers\"},{\"backgroundimage\":\"http:\/\/appgrid-api-cdn.cloud.accedo.tv\/asset\/file\/57e125abc5c50301e77b8a02\",\"icon\":\"http:\/\/appgrid-api-cdn.cloud.accedo.tv\/asset\/file\/57d232d3d63ef501f435d00c\",\"label\":\"WEBISODES\",\"tag\":\"Tag Web Series\"},{\"backgroundimage\":\"http:\/\/appgrid-api-cdn.cloud.accedo.tv\/asset\/file\/57d222ffd63ef501f433e687\",\"icon\":\"http:\/\/appgrid-api-cdn.cloud.accedo.tv\/asset\/file\/57d225cfd63ef501f4344a07\",\"label\":\"D-I-Y\",\"tag\":\"Tag DIY\"},{\"backgroundimage\":\"http:\/\/appgrid-api-cdn.cloud.accedo.tv\/asset\/file\/57d222e9d63ef501f433e248\",\"icon\":\"http:\/\/appgrid-api-cdn.cloud.accedo.tv\/asset\/file\/57d24139d63ef501f4377c5c\",\"label\":\"WHAT'S COOKING?\",\"tag\":\"Tag Whats Cooking\"},{\"backgroundimage\":\"http:\/\/appgrid-api-cdn.cloud.accedo.tv\/asset\/file\/57d2233ed63ef501f433f4a9\",\"icon\":\"http:\/\/appgrid-api-cdn.cloud.accedo.tv\/asset\/file\/57d225b6d63ef501f434443f\",\"label\":\"TRENDING\",\"tag\":\"Tag Trending Now\"},{\"backgroundimage\":\"http:\/\/appgrid-api-cdn.cloud.accedo.tv\/asset\/file\/57ce440dcf601e01ef2f4907\",\"icon\":\"http:\/\/appgrid-api-cdn.cloud.accedo.tv\/asset\/file\/57cea734cf601e01ef3be0d1\",\"label\":\"LOL\",\"tag\":\"Tag YT Comedy\"},{\"backgroundimage\":\"http:\/\/appgrid-api-cdn.cloud.accedo.tv\/asset\/file\/57d22313d63ef501f433eb34\",\"icon\":\"http:\/\/appgrid-api-cdn.cloud.accedo.tv\/asset\/file\/57d24230d63ef501f43781b5\",\"label\":\"GUPSHUP\",\"tag\":\"Tag Ghupshup\"}],\"icon\":\"https:\/\/appgrid-api-cdn.cloud.accedo.tv\/asset\/file\/58f9ee02812a4f021960b43a\",\"label\":\"Genres\"},{\"category\":[{\"backgroundimage\":\"\",\"icon\":\"\",\"label\":\"Newly Added\",\"tag\":\"DATE_DESC\"},{\"backgroundimage\":\"\",\"icon\":\"\",\"label\":\"IMDb Rating\",\"tag\":\"IMDB\"}],\"icon\":\"https:\/\/appgrid-api-cdn.cloud.accedo.tv\/asset\/file\/58f8bb2e812a4f0219608cc9\",\"label\":\"Sort By\"}],\"tvshows\":[{\"category\":[{\"backgroundimage\":\"\",\"icon\":\"\",\"label\":\"Hindi\",\"tag\":\"hi\"},{\"backgroundimage\":\"\",\"icon\":\"\",\"label\":\"English\",\"tag\":\"en\"}],\"icon\":\"http:\/\/appgrid-api-cdn.cloud.accedo.tv\/asset\/file\/58f8bb44812a4f0219608ccd\",\"label\":\"Language\"},{\"category\":[{\"backgroundimage\":\"http:\/\/appgrid-api-cdn.cloud.accedo.tv\/asset\/file\/57c80a4a8102fe02250b3945\",\"icon\":\"http:\/\/appgrid-api-cdn.cloud.accedo.tv\/asset\/file\/57d25603d63ef501f43bd9db\",\"label\":\"REALITY TV\",\"tag\":\"Tag Series Reality TV\"},{\"backgroundimage\":\"http:\/\/appgrid-api-cdn.cloud.accedo.tv\/asset\/file\/57ce649dcf601e01ef34fd84\",\"icon\":\"http:\/\/appgrid-api-cdn.cloud.accedo.tv\/asset\/file\/57d24d6ed63ef501f43819e5\",\"label\":\"DRAMA\",\"tag\":\"Tag Series Drama\"},{\"backgroundimage\":\"http:\/\/appgrid-api-cdn.cloud.accedo.tv\/asset\/file\/57e125dfc5c50301e77b8a06\",\"icon\":\"http:\/\/appgrid-api-cdn.cloud.accedo.tv\/asset\/file\/57d24449d63ef501f437d547\",\"label\":\"SITCOMS\",\"tag\":\"Tag Series Sitcoms\"},{\"backgroundimage\":\"http:\/\/appgrid-api-cdn.cloud.accedo.tv\/asset\/file\/57ce6576cf601e01ef35045a\",\"icon\":\"http:\/\/appgrid-api-cdn.cloud.accedo.tv\/asset\/file\/57d244bfd63ef501f437ee02\",\"label\":\"MYTHOLOGY\",\"tag\":\"Tag Series Mythology\"},{\"backgroundimage\":\"http:\/\/appgrid-api-cdn.cloud.accedo.tv\/asset\/file\/57ce6487cf601e01ef34f9af\",\"icon\":\"http:\/\/appgrid-api-cdn.cloud.accedo.tv\/asset\/file\/57d2447fd63ef501f437e4af\",\"label\":\"CRIME TIME\",\"tag\":\"Tag Series Crime Time\"},{\"backgroundimage\":\"http:\/\/appgrid-api-cdn.cloud.accedo.tv\/asset\/file\/57ce43f5cf601e01ef2f4583\",\"icon\":\"http:\/\/appgrid-api-cdn.cloud.accedo.tv\/asset\/file\/57d2449fd63ef501f437e957\",\"label\":\"TV CLASSICS\",\"tag\":\"Tag Series TV Classics\"},{\"backgroundimage\":\"http:\/\/appgrid-api-cdn.cloud.accedo.tv\/asset\/file\/57c80a1e8102fe02250b32b6\",\"icon\":\"http:\/\/appgrid-api-cdn.cloud.accedo.tv\/asset\/file\/57d24408d63ef501f437d166\",\"label\":\"JUST FOR KIDS\",\"tag\":\"Tag Series Just for kids\"},{\"backgroundimage\":\"http:\/\/appgrid-api-cdn.cloud.accedo.tv\/asset\/file\/57c80a5f8102fe02250b3c9a\",\"icon\":\"http:\/\/appgrid-api-cdn.cloud.accedo.tv\/asset\/file\/57cea809cf601e01ef3bf35f\",\"label\":\"SCI-FI FANTASY\",\"tag\":\"Tag Series SciFiFantasy\"}],\"icon\":\"http:\/\/appgrid-api-cdn.cloud.accedo.tv\/asset\/file\/58f9ee02812a4f021960b43a\",\"label\":\"Genres\"},{\"category\":[{\"backgroundimage\":\"\",\"icon\":\"\",\"label\":\"Year of Release\",\"tag\":\"DATE_DESC\"},{\"backgroundimage\":\"\",\"icon\":\"\",\"label\":\"IMDb Rating\",\"tag\":\"IMDB\"}],\"icon\":\"http:\/\/appgrid-api-cdn.cloud.accedo.tv\/asset\/file\/58f8bb2e812a4f0219608cc9\",\"label\":\"Sort By\"}]}","download_quality_map":"{\"low\":{\"min\":180000,\"max\":400000},\"medium\":{\"min\":500000,\"max\":700000},\"high\":{\"min\":800000,\"max\":1200000}}","download_selection_options":"[{\"id\":\"high\",\"title\":\"High Quality\"},{\"id\":\"medium\",\"title\":\"Standard Quality\"},{\"id\":\"low\",\"title\":\"Low Quality\"}]","dth_activation_popup_skip_days":"60","dth_selfcare_visibility":"true","dth_welcome_onboarding_popup":"DTH_WELCOME_ONBOARDING_POPUP","dth_welcome_onboarding_popup_enabled":"true","editorji_card_type":"1","editorji_epg_channel_type":"0","empty_partner_channel_onboarding":"https:\/\/image.airtel.tv\/grandslam\/content\/2020_12_16\/onboarding_empty.png","enableFreePreviewPopup":"true","enable_PartnerChannel_Feature":"true","enable_bind_service":"false","enable_bola":"false","enable_bola_ios":"false","enable_bola_v2":"false","enable_freshchat":"true","enable_freshchat_bot":"true","enable_mobile_number_input":"false","enable_new_detail_page":"true","enable_old_playback_funnel":"true","enable_stick_remote":"false","enable_stick_remote_ios":"false","enc_OPS":"[\"&\",\"^\", \"|\", \">>\", \"<<\", \"^\", \"&\", \"|\"]","enc_algorithm":"AES\/ECB\/PKCS7Padding","enter_4_digit_number":"{\"en_US\":\"Enter 4 digit OTP we have sent you via SMS.\"}","epgAdUnit":"{\"adUnitID\":\"\/417241724\/tv_native_masthead_epg_prod\",\"templateIDs\":[\"11768313\",\"11770616\"],\"showAds\":true}","epgAdUnitNew":"{\"adUnitID\":\"\/417241724\/tv_native_masthead_epg_prod\",\"templateIDs\":[\"11768313\",\"11770616\"],\"showAds\":true}","epg_ad_unit_list":"[{\"adUnitID\":\"\/417241724\/Xstream_EPG_Masthead_Prod\",\"position\":\"0\",\"templateIds\":[\"11768313\"]}]","epg_ads_slot_id_list":"[{\"position\":\"0\",\"slotId\":\"LIVE_TV_MASTHEAD_SLOT\"},{\"position\":\"4\",\"slotId\":\"LIVE_TV_NATIVE_SLOT_1\"},{\"position\":\"8\",\"slotId\":\"LIVE_TV_NATIVE_SLOT_2\"},{\"position\":\"12\",\"slotId\":\"LIVE_TV_NATIVE_SLOT_3\"},{\"position\":\"16\",\"slotId\":\"LIVE_TV_NATIVE_SLOT_4\"},{\"position\":\"20\",\"slotId\":\"LIVE_TV_NATIVE_SLOT_5\"},{\"position\":\"24\",\"slotId\":\"LIVE_TV_NATIVE_SLOT_6\"},{\"position\":\"28\",\"slotId\":\"LIVE_TV_NATIVE_SLOT_7\"},{\"position\":\"32\",\"slotId\":\"LIVE_TV_NATIVE_SLOT_8\"},{\"position\":\"36\",\"slotId\":\"LIVE_TV_NATIVE_SLOT_9\"},{\"position\":\"40\",\"slotId\":\"LIVE_TV_NATIVE_SLOT_10\"}]","epg_list_ads":"[{\"adUnitID\":\"\/417241724\/tv_epg_native_slot1_prod\",\"position\":3},{\"adUnitID\":\"\/417241724\/tv_epg_native_slot2_prod\",\"position\":10},{\"adUnitID\":\"\/417241724\/tv_epg_native_slot3_prod\",\"position\":17}]","episode_not_found":"Episode not found. Try to play a latest Episode for you","errorCodeNotifyIdMap":"{   \"ATV252\": \"SWITCH_TO_AIRTEL\" }","error_msg_active_packs":"You do not have any active subscription. Subscribe from Plans Available page.","error_msg_no_plan_available":"No Plans available","error_msg_plan_available":"You already have access to all the  movies, TV shows, videos, Live TV and more. Continue enjoying Airtel TV.","event_publish_interval_minutes":"2","fab_apl_text":"Airtel Free Hit","fab_bbz_text":"Airtel Free Hit Live","fair_play_enabled":"false","fallback_onboarding_genres":"{\"fallbackGenres\":[{\"id\":\"axaut_hccl69921689162659541\",\"title\":\"Daily Soaps\",\"tileImages\":{\"collection\":\"https:\/\/xstreamcp-assets-msp.streamready.in\/assets\/SONYLIV_VOD\/TRAILER\/66361caca527f92223d590c6\/images\/ucl24_sf_leg2_realmadrid_vs_bayern_4may_dated_promo_portrait_thumb.jpg\"}},{\"id\":\"axaut_md2l09171655715984559\",\"title\":\"Movies & Series\",\"tileImages\":{\"collection\":\"https:\/\/xstreamcp-assets-msp.streamready.in\/assets\/SONYLIV_VOD\/TRAILER\/66361caca527f92223d590c6\/images\/ucl24_sf_leg2_realmadrid_vs_bayern_4may_dated_promo_portrait_thumb.jpg\"}}]}","fallback_update_onboarding_time_in_hours":"24","faqUrl":"http:\/\/webview.airtel.tv\/faq.html","fetchPlaybillFromMiddleware":"true","fifa_banner_sorting_array":"[\"PLAYING\", \"PLAYED\", \"FIXTURE\"]","fifa_match_kick_off_window":"0","filter_categories_moviechannel":"[{\"backgroundimage\":\"\",\"icon\":\"\",\"label\":\"Eros Now\",\"tag\":\"EROSNOW\"},{\"backgroundimage\":\"\",\"icon\":\"\",\"label\":\"HOOQ\",\"tag\":\"HOOQ\"},{\"backgroundimage\":\"\",\"icon\":\"\",\"label\":\"Sony LIV\",\"tag\":\"SONYLIV\"}]","filter_categories_moviegenres":"[{\"backgroundimage\":\"http:\/\/appgrid-api-cdn.cloud.accedo.tv\/asset\/file\/57ce4a35cf601e01ef300744\",\"icon\":\"http:\/\/appgrid-api-cdn.cloud.accedo.tv\/asset\/file\/57cea754cf601e01ef3be3fe\",\"label\":\"ROMANCE\",\"tag\":\"Simply Love\"},{\"backgroundimage\":\"http:\/\/appgrid-api-cdn.cloud.accedo.tv\/asset\/file\/57ce440dcf601e01ef2f4907\",\"icon\":\"http:\/\/appgrid-api-cdn.cloud.accedo.tv\/asset\/file\/57cea734cf601e01ef3be0d1\",\"label\":\"COMEDY\",\"tag\":\"Comedy Kings\"},{\"backgroundimage\":\"http:\/\/appgrid-api-cdn.cloud.accedo.tv\/asset\/file\/57ce43f5cf601e01ef2f4583\",\"icon\":\"http:\/\/appgrid-api-cdn.cloud.accedo.tv\/asset\/file\/57cea70ccf601e01ef3bdc63\",\"label\":\"CLASSICS\",\"tag\":\"Cult Classics\"},{\"backgroundimage\":\"http:\/\/appgrid-api-cdn.cloud.accedo.tv\/asset\/file\/57ce4a4fcf601e01ef3009f8\",\"icon\":\"http:\/\/appgrid-api-cdn.cloud.accedo.tv\/asset\/file\/57cea6eccf601e01ef3bd746\",\"label\":\"BIOPICS\",\"tag\":\"Biopics\"},{\"backgroundimage\":\"http:\/\/appgrid-api-cdn.cloud.accedo.tv\/asset\/file\/57ce4474cf601e01ef2f5771\",\"icon\":\"http:\/\/appgrid-api-cdn.cloud.accedo.tv\/asset\/file\/57cea809cf601e01ef3bf35f\",\"label\":\"SCI FI\",\"tag\":\"SciFi\"},{\"backgroundimage\":\"http:\/\/appgrid-api-cdn.cloud.accedo.tv\/asset\/file\/57ce4498cf601e01ef2f5b22\",\"icon\":\"http:\/\/appgrid-api-cdn.cloud.accedo.tv\/asset\/file\/57cea074cf601e01ef3b65e3\",\"label\":\"BLOCKBUSTERS\",\"tag\":\"Box Office Biggies\"},{\"backgroundimage\":\"http:\/\/appgrid-api-cdn.cloud.accedo.tv\/asset\/file\/57ce44b1cf601e01ef2f5edc\",\"icon\":\"http:\/\/appgrid-api-cdn.cloud.accedo.tv\/asset\/file\/57ce9f30cf601e01ef3b5d36\",\"label\":\"AWARD WINNERS\",\"tag\":\"Winners Gallery\"},{\"backgroundimage\":\"http:\/\/appgrid-api-cdn.cloud.accedo.tv\/asset\/file\/57ce442bcf601e01ef2f4c94\",\"icon\":\"http:\/\/appgrid-api-cdn.cloud.accedo.tv\/asset\/file\/57f5f081ca7d1c020f29d9b2\",\"label\":\"CRITICS' CHOICE\",\"tag\":\"Critics Choice\"},{\"backgroundimage\":\"http:\/\/appgrid-api-cdn.cloud.accedo.tv\/asset\/file\/57ce4a76cf601e01ef3009fb\",\"icon\":\"http:\/\/appgrid-api-cdn.cloud.accedo.tv\/asset\/file\/57cea786cf601e01ef3beec0\",\"label\":\"THRILLERS\",\"tag\":\"Mystery Room\"}]","filter_categories_movielanguage":"[{\"backgroundimage\":\"\",\"icon\":\"\",\"label\":\"English\",\"tag\":\"en\"},{\"backgroundimage\":\"\",\"icon\":\"\",\"label\":\"Hindi\",\"tag\":\"hi\"},{\"backgroundimage\":\"\",\"icon\":\"\",\"label\":\"Tamil\",\"tag\":\"ta\"},{\"backgroundimage\":\"\",\"icon\":\"\",\"label\":\"Malayalam\",\"tag\":\"ml\"},{\"backgroundimage\":\"\",\"icon\":\"\",\"label\":\"Telugu\",\"tag\":\"te\"},{\"backgroundimage\":\"\",\"icon\":\"\",\"label\":\"Marathi\",\"tag\":\"mr\"},{\"backgroundimage\":\"\",\"icon\":\"\",\"label\":\"Bengali\",\"tag\":\"bn\"},{\"backgroundimage\":\"\",\"icon\":\"\",\"label\":\"Kannada\",\"tag\":\"kn\"},{\"backgroundimage\":\"\",\"icon\":\"\",\"label\":\"Punjabi\",\"tag\":\"pun\"}]","filter_categories_movierating":"[{\"backgroundimage\":\"\",\"icon\":\"\",\"label\":\"Kids\",\"tag\":\"comedy\"},{\"backgroundimage\":\"\",\"icon\":\"\",\"label\":\"Teenagers\",\"tag\":\"FamilyTeens\"},{\"backgroundimage\":\"\",\"icon\":\"\",\"label\":\"Adult\",\"tag\":\"Adult\"}]","filter_categories_moviesortby":"[{\"backgroundimage\":\"\",\"icon\":\"\",\"label\":\"Newly Added\",\"tag\":\"DATE_DESC\"},{\"backgroundimage\":\"\",\"icon\":\"\",\"label\":\"Year of Release\",\"tag\":\"REL_YEAR_ASC\"},{\"backgroundimage\":\"\",\"icon\":\"\",\"label\":\"IMDb Rating\",\"tag\":\"IMDB\"}]","filter_categories_shortschannel":"","filter_categories_shortsgenres":"[{ \t\"backgroundimage\": \"http:\\\/\\\/appgrid-api-cdn.cloud.accedo.tv\\\/asset\\\/file\\\/57d24383d63ef501f4378d5a\", \t\"icon\": \"http:\\\/\\\/appgrid-api-cdn.cloud.accedo.tv\\\/asset\\\/file\\\/57d225a5d63ef501f434443a\", \t\"label\": \"TRAILERS\", \t\"tag\": \"Trailers\" }, { \t\"backgroundimage\": \"http:\\\/\\\/appgrid-api-cdn.cloud.accedo.tv\\\/asset\\\/file\\\/57e125abc5c50301e77b8a02\", \t\"icon\": \"http:\\\/\\\/appgrid-api-cdn.cloud.accedo.tv\\\/asset\\\/file\\\/57d232d3d63ef501f435d00c\", \t\"label\": \"WEBISODES\", \t\"tag\": \"Web Series\" }, { \t\"backgroundimage\": \"http:\\\/\\\/appgrid-api-cdn.cloud.accedo.tv\\\/asset\\\/file\\\/57d222ffd63ef501f433e687\", \t\"icon\": \"http:\\\/\\\/appgrid-api-cdn.cloud.accedo.tv\\\/asset\\\/file\\\/57d225cfd63ef501f4344a07\", \t\"label\": \"D-I-Y\", \t\"tag\": \"DIY\" }, { \t\"backgroundimage\": \"http:\\\/\\\/appgrid-api-cdn.cloud.accedo.tv\\\/asset\\\/file\\\/57d222e9d63ef501f433e248\", \t\"icon\": \"http:\\\/\\\/appgrid-api-cdn.cloud.accedo.tv\\\/asset\\\/file\\\/57d24139d63ef501f4377c5c\", \t\"label\": \"WHAT'S COOKING?\", \t\"tag\": \"Whats Cooking\" }, { \t\"backgroundimage\": \"http:\\\/\\\/appgrid-api-cdn.cloud.accedo.tv\\\/asset\\\/file\\\/57d2233ed63ef501f433f4a9\", \t\"icon\": \"http:\\\/\\\/appgrid-api-cdn.cloud.accedo.tv\\\/asset\\\/file\\\/57d225b6d63ef501f434443f\", \t\"label\": \"TRENDING\", \t\"tag\": \"Trending Now\" }, { \t\"backgroundimage\": \"http:\\\/\\\/appgrid-api-cdn.cloud.accedo.tv\\\/asset\\\/file\\\/57ce440dcf601e01ef2f4907\", \t\"icon\": \"http:\\\/\\\/appgrid-api-cdn.cloud.accedo.tv\\\/asset\\\/file\\\/57cea734cf601e01ef3be0d1\", \t\"label\": \"LOL\", \t\"tag\": \"YT Comedy\" }, { \t\"backgroundimage\": \"http:\\\/\\\/appgrid-api-cdn.cloud.accedo.tv\\\/asset\\\/file\\\/57d22313d63ef501f433eb34\", \t\"icon\": \"http:\\\/\\\/appgrid-api-cdn.cloud.accedo.tv\\\/asset\\\/file\\\/57d24230d63ef501f43781b5\", \t\"label\": \"GUPSHUP\", \t\"tag\": \"Ghupshup\" }]","filter_categories_shortslanguage":"","filter_categories_shortsrating":"[{\"backgroundimage\":\"\",\"icon\":\"\",\"label\":\"Kids\",\"tag\":\"Comedy\"},{\"backgroundimage\":\"\",\"icon\":\"\",\"label\":\"Teenagers\",\"tag\":\"FamilyTeens\"},{\"backgroundimage\":\"\",\"icon\":\"\",\"label\":\"Adult\",\"tag\":\"Adult\"}]","filter_categories_shortssortby":"[{\"backgroundimage\":\"\",\"icon\":\"\",\"label\":\"Newly Added\",\"tag\":\"DATE_DESC\"},{\"backgroundimage\":\"\",\"icon\":\"\",\"label\":\"IMDb Rating\",\"tag\":\"IMDB\"}]","filter_categories_tvshowschannel":"","filter_categories_tvshowsgenres":"[{ \t\"backgroundimage\": \"http:\\\/\\\/appgrid-api-cdn.cloud.accedo.tv\\\/asset\\\/file\\\/57c80a4a8102fe02250b3945\", \t\"icon\": \"http:\\\/\\\/appgrid-api-cdn.cloud.accedo.tv\\\/asset\\\/file\\\/57d25603d63ef501f43bd9db\", \t\"label\": \"REALITY TV\", \t\"tag\": \"Series Reality TV\" }, { \t\"backgroundimage\": \"http:\\\/\\\/appgrid-api-cdn.cloud.accedo.tv\\\/asset\\\/file\\\/57ce649dcf601e01ef34fd84\", \t\"icon\": \"http:\\\/\\\/appgrid-api-cdn.cloud.accedo.tv\\\/asset\\\/file\\\/57d24d6ed63ef501f43819e5\", \t\"label\": \"DRAMA\", \t\"tag\": \"Series Drama\" }, { \t\"backgroundimage\": \"http:\\\/\\\/appgrid-api-cdn.cloud.accedo.tv\\\/asset\\\/file\\\/57e125dfc5c50301e77b8a06\", \t\"icon\": \"http:\\\/\\\/appgrid-api-cdn.cloud.accedo.tv\\\/asset\\\/file\\\/57d24449d63ef501f437d547\", \t\"label\": \"SITCOMS\", \t\"tag\": \"Series Sitcoms\" }, { \t\"backgroundimage\": \"http:\\\/\\\/appgrid-api-cdn.cloud.accedo.tv\\\/asset\\\/file\\\/57ce6576cf601e01ef35045a\", \t\"icon\": \"http:\\\/\\\/appgrid-api-cdn.cloud.accedo.tv\\\/asset\\\/file\\\/57d244bfd63ef501f437ee02\", \t\"label\": \"MYTHOLOGY\", \t\"tag\": \"Series Mythology\" }, { \t\"backgroundimage\": \"http:\\\/\\\/appgrid-api-cdn.cloud.accedo.tv\\\/asset\\\/file\\\/57ce6487cf601e01ef34f9af\", \t\"icon\": \"http:\\\/\\\/appgrid-api-cdn.cloud.accedo.tv\\\/asset\\\/file\\\/57d2447fd63ef501f437e4af\", \t\"label\": \"CRIME TIME\", \t\"tag\": \"Series Crime Time\" }, { \t\"backgroundimage\": \"http:\\\/\\\/appgrid-api-cdn.cloud.accedo.tv\\\/asset\\\/file\\\/57ce43f5cf601e01ef2f4583\", \t\"icon\": \"http:\\\/\\\/appgrid-api-cdn.cloud.accedo.tv\\\/asset\\\/file\\\/57d2449fd63ef501f437e957\", \t\"label\": \"TV CLASSICS\", \t\"tag\": \"Series TV Classics\" }, { \t\"backgroundimage\": \"http:\\\/\\\/appgrid-api-cdn.cloud.accedo.tv\\\/asset\\\/file\\\/57c80a1e8102fe02250b32b6\", \t\"icon\": \"http:\\\/\\\/appgrid-api-cdn.cloud.accedo.tv\\\/asset\\\/file\\\/57d24408d63ef501f437d166\", \t\"label\": \"JUST FOR KIDS\", \t\"tag\": \"Series Just for kids\" }, { \t\"backgroundimage\": \"http:\\\/\\\/appgrid-api-cdn.cloud.accedo.tv\\\/asset\\\/file\\\/57c80a5f8102fe02250b3c9a\", \t\"icon\": \"http:\\\/\\\/appgrid-api-cdn.cloud.accedo.tv\\\/asset\\\/file\\\/57cea809cf601e01ef3bf35f\", \t\"label\": \"SCI-FI FANTASY\", \t\"tag\": \"Series SciFiFantasy\" }]","filter_categories_tvshowslanguage":"[{\"backgroundimage\":\"\",\"icon\":\"\",\"label\":\"Hindi\",\"tag\":\"hi\"},{\"backgroundimage\":\"\",\"icon\":\"\",\"label\":\"English\",\"tag\":\"en\"}]","filter_categories_tvshowsrating":"[{\"backgroundimage\":\"\",\"icon\":\"\",\"label\":\"Kids\",\"tag\":\"Comedy\"},{\"backgroundimage\":\"\",\"icon\":\"\",\"label\":\"Teenagers\",\"tag\":\"FamilyTeens\"},{\"backgroundimage\":\"\",\"icon\":\"\",\"label\":\"Adult\",\"tag\":\"Adult\"}]","filter_categories_tvshowssortby":"[{\"backgroundimage\":\"\",\"icon\":\"\",\"label\":\"Year of Release\",\"tag\":\"REL_YEAR_ASC\"},{\"backgroundimage\":\"\",\"icon\":\"\",\"label\":\"IMDb Rating \",\"tag\":\"IMDB \"}]","force_layout_refresh_rate_limiter_debounce":"300000","freshChatBotExpId":"113632","genre_interest_min_selection_count":"2","geo_block_endpoint":"http:\/\/location.wynk.in\/","geo_blocking_enabled":"false","handle_background_crash":"true","happy_Code_Enabled":"false","helpAndSupportURL":"https:\/\/webview.airtel.tv\/download_feedback\/help_feedback.html","hideHDFilterIfNoValidDataIsPresent":"false","hideWebViewToolbar":"false","homepage_v2_config":"{   \"homepage_v2_config\": {     \"pills_count\": 9,     \"pc_grid_count\": 2,     \"banner_scroll_time_in_sec\": 4,     \"cw_more_info_options\": [       {         \"option\": \"Info\"       },       {         \"option\": \"Remove from continue watching\",         \"\": {}       }     ],     \"highlighted_portrait\": {       \"bg_image\": {         \"height\": \"418\",         \"width\": \"375\"       }     }   } }","huawei_device_limit_error":"You have exhausted your device limit. Please contact us at support@airtel.tv to reset the limit.","huawei_root_cid":"2000000535","huawei_root_cid_catchup":"2000000773","huawei_state_machine_max_auto_retry_count":"6","ima_ad_config":"{\"adEnabled\":\"true\",\"adInfoMap\":{\"PRE_ROLL\":{\"enabled\":\"true\",\"adsMeta\":{\"adTagUrl\":\"https:\/\/pubads.g.doubleclick.net\/gampad\/ads?iu=\/417241724\/IMA_Video_Prod&description_url=[placeholder]&tfcd=0&npa=0&sz=640x480&ciu_szs=320x50&gdfp_req=1&output=vast&unviewed_position_start=1&env=vp&impl=s&correlator=\"},\"freqInterval\":\"4\",\"blacklistedCps\":[\"LIONSGATEPLAY\"]},\"MID_ROLL\":{\"enabled\":\"false\",\"adsMeta\":{\"adTagUrl\":\"\"},\"freqInterval\":\"4\"}}}","ingress_img_url":"https:\/\/tvtbr.s3.amazonaws.com\/pages\/rails\/5ab49062e4b08119ffc5c20c\/40kb-2.5-lakh-prizeic_freehit_ingress.png","interstitial_ads_sdk_config":"{   \"interstitial_ad_enable\" : true,   \"day_first_ad_recurrence_value\": 3,   \"interstitial_recurrence\": 10,   \"day_first_ad_max_retry_count\": 3 }","isAddChannelFeatureEnabled":"false","isMultiAudioFromHLSEnabled":"true","isPlaybackMetricsEnabled":"true","isPlayerAnalyticsEnabled":"false","isTrailerEnabled":"true","is_auto_carousel_enabled":"true","is_dth_comp_feature_enabled":"false","is_dth_feature_enabled":"false","landing_page_for_atv":"homepage","landing_page_for_atv_plus":"homepage","lang_carousel_card_count":"4","language_filters":"{\"en\":{\"n\":\"English\",\"rn\":\"English\",\"images\":[\"https:\/\/image.airtel.tv\/grandslam\/content\/2020_3_20\/Wonder_Woman.jpg\",\"https:\/\/image.airtel.tv\/grandslam\/content\/2020_3_20\/Knives_out.jpg\"]},\"hi\":{\"n\":\"Hindi\",\"rn\":\"हिन्दी\",\"images\":[\"https:\/\/image.airtel.tv\/grandslam\/content\/2020_3_20\/BATTI_GUL_METER_CHALU__HINDI.jpg\",\"https:\/\/image.airtel.tv\/grandslam\/content\/2020_3_20\/BABUMOSHAI_BANDOOKBAAZ___HINDI.jpg\"]},\"as\":{\"n\":\"Assamese\",\"rn\":\"অসমীয়া\",\"images\":[\"https:\/\/image.airtel.tv\/grandslam\/content\/2020_3_23\/assam-1.png\",\"https:\/\/image.airtel.tv\/grandslam\/content\/2020_3_23\/assam-2.png\"]},\"bn\":{\"n\":\"Bengali\",\"rn\":\"বাংলা\",\"images\":[\"https:\/\/image.airtel.tv\/grandslam\/content\/2020_3_20\/bhogoban-_Bengali.jpg\",\"https:\/\/image.airtel.tv\/grandslam\/content\/2020_3_20\/Byomkesh-_Bengali.jpg\"]},\"bh\":{\"n\":\"Bhojpuri\",\"rn\":\"भोजपुरी\",\"images\":[\"https:\/\/image.airtel.tv\/grandslam\/content\/2020_3_20\/Nirahua-_Bhojpuri.jpg\",\"https:\/\/image.airtel.tv\/grandslam\/content\/2020_3_20\/Rabba-_Bhojpuri.jpg\"]},\"gu\":{\"n\":\"Gujrati\",\"rn\":\"ગુજરાતી\",\"images\":[\"https:\/\/image.airtel.tv\/grandslam\/content\/2020_3_20\/Shoroto_Lagu-_Gujarati.jpg\",\"https:\/\/image.airtel.tv\/grandslam\/content\/2020_3_20\/Chhello_Divas-_Gujarati.jpg\"]},\"kn\":{\"n\":\"Kannada\",\"rn\":\"ಕನ್ನಡ\",\"images\":[\"https:\/\/image.airtel.tv\/grandslam\/content\/2020_3_20\/Seetharama_Kalyana1.jpg\",\"https:\/\/image.airtel.tv\/grandslam\/content\/2020_3_20\/raambo2movie_1920x770.jpg\"]},\"ml\":{\"n\":\"Malayalam\",\"rn\":\"മലയാളം\",\"images\":[\"https:\/\/image.airtel.tv\/grandslam\/content\/2020_3_20\/an_international_local_story.jpg\",\"https:\/\/image.airtel.tv\/grandslam\/content\/2020_3_20\/Bobby_(Malayalam)_Feature-Banner-216x312_3.jpg\"]},\"mr\":{\"n\":\"Marathi\",\"rn\":\"मराठी\",\"images\":[\"https:\/\/image.airtel.tv\/grandslam\/content\/2020_3_20\/Natsamrat-_Marathi.jpg\",\"https:\/\/image.airtel.tv\/grandslam\/content\/2020_3_20\/Sairat-_Marathi.jpg\"]},\"or\":{\"n\":\"Oriya\",\"rn\":\"ଓଡ଼ିଆ\",\"images\":[\"https:\/\/image.airtel.tv\/grandslam\/content\/2020_3_20\/Abhimanyu-_Oriya.jpg\",\"https:\/\/image.airtel.tv\/grandslam\/content\/2020_3_20\/Premare-_Oriya.jpg\"]},\"pa\":{\"n\":\"Punjabi\",\"rn\":\"ਪੰਜਾਬੀ\",\"images\":[\"https:\/\/image.airtel.tv\/grandslam\/content\/2020_3_23\/Mukhtiar_Chadha-_Punjabi.jpg\",\"https:\/\/image.airtel.tv\/grandslam\/content\/2020_3_20\/kala_shah_kala-_Punjabi.jpg\"]},\"ra\":{\"n\":\"Rajasthani\",\"rn\":\"राजस्थानी\",\"images\":[\"https:\/\/image.airtel.tv\/grandslam\/content\/2021_8_11\/Rajasthani_1.png\",\"https:\/\/image.airtel.tv\/grandslam\/content\/2021_8_11\/1023148_6724986.jpg\"]},\"ta\":{\"n\":\"Tamil\",\"rn\":\"தமிழ்\",\"images\":[\"https:\/\/image.airtel.tv\/grandslam\/content\/2020_3_20\/Kalavani-2_AX-216X312.jpg\",\"https:\/\/image.airtel.tv\/grandslam\/content\/2020_3_20\/kuttram23_1920x770_77.jpg\"]},\"te\":{\"n\":\"Telugu\",\"rn\":\"తెలుగు\",\"images\":[\"https:\/\/image.airtel.tv\/grandslam\/content\/2020_3_20\/Baahubali_(1).jpg\",\"https:\/\/image.airtel.tv\/grandslam\/content\/2020_3_20\/naa_peru_surya.png\"]},\"ur\":{\"n\":\"Urdu\",\"rn\":\"اردو\",\"images\":[\"https:\/\/tvtbr.s3.amazonaws.com\/ZEE5\/ZEE5_MOVIE_0-0-movie_1186466992\/PORTRAIT\/naaperusuryanewmovie_2_192.jpg\",\"https:\/\/tvtbr.s3.amazonaws.com\/ZEE5\/ZEE5_MOVIE_0-0-2718\/PORTRAIT\/rarandoyi_vedukachudham192.jpg\"]},\"fr\":{\"n\":\"French\",\"rn\":\"Français\",\"images\":[\"https:\/\/tvtbr.s3.amazonaws.com\/ZEE5\/ZEE5_MOVIE_0-0-movie_1186466992\/PORTRAIT\/naaperusuryanewmovie_2_192.jpg\",\"https:\/\/tvtbr.s3.amazonaws.com\/ZEE5\/ZEE5_MOVIE_0-0-2718\/PORTRAIT\/rarandoyi_vedukachudham192.jpg\"]}}","language_selection":"1","language_selection_view_variant":"1","languages":"[{\"key\":\"English\",\"value\":\"en\"},{\"key\":\"Hindi\",\"value\":\"hi\"},{\"key\":\"Tamil\",\"value\":\"ta\"},{\"key\":\"Malayalam\",\"value\":\"ml\"},{\"key\":\"Telugu\",\"value\":\"te\"},{\"key\":\"Marathi\",\"value\":\"mr\"},{\"key\":\"Bengali\",\"value\":\"bn\"},{\"key\":\"Kannada\",\"value\":\"kn\"},{\"key\":\"Punjabi\",\"value\":\"pun\"}]","layout_page_count_for_iPhone":"12","layout_pagination_threshold":"7","layout_rail_count":"20","livePlayerTimeShiftDuration":"25000","live_channels_sorted_namespace":"5","live_tv_empty_state_url":"{\"en_US\":\"http:\/\/www.airtel.in\/mnp\/\"}","live_tv_time_shift_enable":"true","logout_text":"Reset Account","match_notification_enable":"false","match_pass_message_epg":"Here is your ticket to watch today's live T20 match","match_pass_message_non_prepaid":"Here is your ticket to %1$s vs %2$s LIVE with Airtel 4G.\\n\\nCome back again for tomorrow’s T20 ticket","match_pass_message_prepaid":"Here is your ticket to %1$s vs %2$s LIVE with AIRTEL 4G.\\n\\nCome back again for tomorrow’s T20 ticket.","match_ticket_popup":"true","max_event_queue_size":"50","max_language_selection":"4","mid_roll_interval":"7","mid_roll_movie_interval":"15","middleware_end_point":"https:\/\/api.airtel.tv\/v1\/","middleware_end_point_cms":"https:\/\/cms.airtel.tv\/","middleware_end_point_content_layout_api":"https:\/\/content.airtel.tv\/","middleware_end_point_layout_api":"https:\/\/layout.airtel.tv\/","middleware_end_point_migrate":"https:\/\/api.airtel.tv\/v1\/","min_buffer_time":"{\"HOOQ\":15000,\"else\":15000}","min_language_selection":"1","min_selected_content_count":"1","moengage_push_enabled":"false","more_subtitle":"Make Airtel Xstream yours","msg_14day_activation_success":"{\"en_US\":\"Hooq 14-day trial successfully activated. Data charges will apply.\"}","new_image_load_function":"false","new_language_filters":"{\"en\":{\"n\":\"English\",\"rn\":\"English\",\"images\":[\"https:\/\/image.airtel.tv\/grandslam\/content\/2021_10_8\/ic_English.png\"]},\"hi\":{\"n\":\"Hindi\",\"rn\":\"हिन्दी\",\"images\":[\"https:\/\/image.airtel.tv\/grandslam\/content\/2021_10_8\/ic_Hindi.png\"]},\"as\":{\"n\":\"Assamese\",\"rn\":\"অসমীয়া\",\"images\":[\"https:\/\/image.airtel.tv\/grandslam\/content\/2021_10_8\/ic_Assamese.png\"]},\"bn\":{\"n\":\"Bengali\",\"rn\":\"বাংলা\",\"images\":[\"https:\/\/image.airtel.tv\/grandslam\/content\/2021_10_8\/ic_Bengali.png\"]},\"bh\":{\"n\":\"Bhojpuri\",\"rn\":\"भोजपुरी\",\"images\":[\"https:\/\/image.airtel.tv\/grandslam\/content\/2021_10_8\/ic_Bhojpuri.png\"]},\"gu\":{\"n\":\"Gujarati\",\"rn\":\"ગુજરાતી\",\"images\":[\"https:\/\/image.airtel.tv\/grandslam\/content\/2021_10_8\/ic_Gujarati.png\"]},\"kn\":{\"n\":\"Kannada\",\"rn\":\"ಕನ್ನಡ\",\"images\":[\"https:\/\/image.airtel.tv\/grandslam\/content\/2021_10_8\/ic_Kannada.png\"]},\"ml\":{\"n\":\"Malayalam\",\"rn\":\"മലയാളം\",\"images\":[\"https:\/\/image.airtel.tv\/grandslam\/content\/2021_10_8\/ic_Malayalam.png\"]},\"mr\":{\"n\":\"Marathi\",\"rn\":\"मराठी\",\"images\":[\"https:\/\/image.airtel.tv\/grandslam\/content\/2021_10_8\/ic_Marathi.png\"]},\"or\":{\"n\":\"Oriya\",\"rn\":\"ଓଡ଼ିଆ\",\"images\":[\"https:\/\/image.airtel.tv\/grandslam\/content\/2021_10_8\/ic_Odia.png\"]},\"pa\":{\"n\":\"Punjabi\",\"rn\":\"ਪੰਜਾਬੀ\",\"images\":[\"https:\/\/image.airtel.tv\/grandslam\/content\/2021_10_8\/ic_punjabi.png\"]},\"ra\":{\"n\":\"Rajasthani\",\"rn\":\"राजस्थानी\",\"images\":[\"https:\/\/image.airtel.tv\/grandslam\/content\/2021_10_8\/ic_Rajasthani.png\"]},\"ta\":{\"n\":\"Tamil\",\"rn\":\"தமிழ்\",\"images\":[\"https:\/\/image.airtel.tv\/grandslam\/content\/2021_10_8\/ic_Tamil.png\"]},\"te\":{\"n\":\"Telugu\",\"rn\":\"తెలుగు\",\"images\":[\"https:\/\/image.airtel.tv\/grandslam\/content\/2021_10_8\/ic_telugu.png\"]},\"ur\":{\"n\":\"Urdu\",\"rn\":\"اردو\",\"images\":[\"https:\/\/tvtbr.s3.amazonaws.com\/ZEE5\/ZEE5_MOVIE_0-0-movie_1186466992\/PORTRAIT\/naaperusuryanewmovie_2_192.jpg\",\"https:\/\/tvtbr.s3.amazonaws.com\/ZEE5\/ZEE5_MOVIE_0-0-2718\/PORTRAIT\/rarandoyi_vedukachudham192.jpg\"]},\"fr\":{\"n\":\"French\",\"rn\":\"Français\",\"images\":[\"https:\/\/tvtbr.s3.amazonaws.com\/ZEE5\/ZEE5_MOVIE_0-0-movie_1186466992\/PORTRAIT\/naaperusuryanewmovie_2_192.jpg\",\"https:\/\/tvtbr.s3.amazonaws.com\/ZEE5\/ZEE5_MOVIE_0-0-2718\/PORTRAIT\/rarandoyi_vedukachudham192.jpg\"]},\"hv\":{\"n\":\"Haryanvi\",\"rn\":\"हरियाणवी\",\"images\":[\"https:\/\/image.airtel.tv\/grandslam\/content\/2023_12_20\/Haryanvi-_without_text@2x.png\"]},\"ph\":{\"n\":\"Pahari\",\"rn\":\"Pahari\",\"ima\":[\"\"]}}","next_episode_timeout":"20000","onboarding_persona":"{\"fallbackUpdateOnboardingTimeInHours\":24,\"onboardingContentPageSize\":60,\"genre_interest_min_selection_count\":2,\"content_interest_min_selection_count\":5,\"genre_interest_title\":\"Tell us your interests\",\"genre_interest_subtitle\":\"Choose %d or more interests to get better recommendations\",\"content_interest_title\":\"Choose content\\nyou like\",\"content_interest_subtitle\":\"Select atleast %d movies or shows to help us suggest the content of your liking\",\"onboarding_journey_popup_interval_days\":180,\"fallbackOnboardingGenre\":[{\"id\":\"axhyb_himz57031715938564690\",\"title\":\"Movies & OTT Shows\",\"tileImages\":{\"portraitHd\":\"https:\/\/img.airtel.tv\/unsafe\/filters:quality(100)\/https:\/\/discovery-prod-arsenal.s3.amazonaws.com\/arsenal\/annabelle\/tarot\/axhyb_himz57031715938564690\/1f81e42a-b106-4da0-9759-a0abe3307859.png\"}},{\"id\":\"axhyb_1mrv57961716449751816\",\"title\":\"Daily Soaps\",\"tileImages\":{\"portraitHd\":\"https:\/\/img.airtel.tv\/unsafe\/filters:quality(100)\/https:\/\/discovery-prod-arsenal.s3.amazonaws.com\/arsenal\/annabelle\/tarot\/axhyb_1mrv57961716449751816\/1d45ddec-1d90-4985-9be6-aa52ac6504b8.png\"}},{\"id\":\"axhyb_kcjw50871716450822960\",\"title\":\"Documentaries\",\"tileImages\":{\"portraitHd\":\"https:\/\/img.airtel.tv\/unsafe\/filters:quality(100)\/https:\/\/discovery-prod-arsenal.s3.amazonaws.com\/arsenal\/annabelle\/tarot\/axhyb_kcjw50871716450822960\/816eafae-bf57-4494-9c22-ece87cc0cf11.png\"}},{\"id\":\"axhyb_cm5f39951716451573362\",\"title\":\"Kids\",\"tileImages\":{\"portraitHd\":\"https:\/\/img.airtel.tv\/unsafe\/filters:quality(100)\/https:\/\/discovery-prod-arsenal.s3.amazonaws.com\/arsenal\/annabelle\/tarot\/axhyb_cm5f39951716451573362\/8771c4c8-2aea-4689-a790-a0b4baef9101.png\"}},{\"id\":\"axhyb_bikk49491716452102925\",\"title\":\"Devotional\",\"tileImages\":{\"portraitHd\":\"https:\/\/img.airtel.tv\/unsafe\/filters:quality(100)\/https:\/\/discovery-prod-arsenal.s3.amazonaws.com\/arsenal\/annabelle\/tarot\/axhyb_bikk49491716452102925\/ac9cbc10-8f1f-4ab0-9652-7db1bbb3faf6.png\"}}],\"fallbackTitleImageMap\":{\"Movies & OTT Shows\":\"movies\",\"Daily Soaps\":\"daily_soaps\",\"Documentaries\":\"documentary\",\"Kids\":\"kids\",\"Devotional\":\"devotional\",\"Music Videos\":\"music_videos\",\"News\":\"news\",\"Short Videos\":\"short_videos\",\"Sports\":\"sports\"}}","open_single_landing_page":"false","override_decoder_behavior":"true","package_fallback_config":"{\"enableFallbackUrl\":false,\"packageFallbackOnError\":false,\"packageFallbackUrl\":\"https:\/\/static-layout.airtelxstream.in\/static\/fallbacks\/layoutfallback\/mobility_android\/{pageId}.json\",\"pageIdMap\":{\"homepage2\":\"homepage2_static\",\"XstreamSports\":\"XstreamSports_static\",\"adsConfig\":\"adsConfig_static\",\"bottomTabLayout\":\"bottomTabLayout_static\",\"asia-cup\":\"asia-cup_static\"}}","pageId_source_name_mapping":"{\"homepage2\":\"home\",\"searchPage\":\"search\",\"ExplorePC\":\"Channels\",\"freeAvod\":\"free_tv\",\"youPageV2\":\"my_profile\",\"searchLayout\":\"search_page\",\"SportsCricket\":\"Cricket_in_Sports\",\"SportsFootball\":\"Football_in_Sports\",\"SportsWWE\":\"WWE_in_Sports\",\"SportsUFC\":\"UFC_in_Sports\",\"Sports_Secondary_Page\":\"Formula_1\"}","pages_map":"{\n  \"homepage\": \"homepage2\",\n  \"channel_page\": \"ExplorePC\",\n  \"avod_page\": \"freeAvod\",\n  \"search_page\": \"searchLayout\",\n  \"adsConfig\": \"adsConfig\",\n  \"bottomTabs\": \"bottomTabLayout\",\n  \"contentDetailPage\": \"contentDetail\",\n  \"castNmore\": \"castNMore\"\n}","playBackResolution":"{\"resolution_enabled\":true,\"maxSupportedBitrate\":2000000, \"preferredForwardBufferDuration\":20, \"preferredMaximumWidth\":1280, \"preferredMaximumHeight\":720}","playback_funnel_v2_enabled":"true","playback_qualities":"[{\"bitRateTVPROMO\":2000,\"bitRateEROSNOW\":1300,\"bitRateHOOQ\":1300,\"live_tv_name\":\"High\",\"liveTvBitrate\":1300,\"bitRateFASTFILMZ\":1300,\"bitRateHOICHOI\":1100,\"bitRateZEE5\":1100,\"bitRateNDTV\":1100,\"bitRateSONYLIV\":1100,\"bitRateSONYLIV_LIVE\":2000,\"name\":\"High\",\"qualityId\":\"HD\"},{\"bitRateTVPROMO\":850,\"bitRateEROSNOW\":850,\"bitRateHOOQ\":806,\"live_tv_name\":\"Medium\",\"liveTvBitrate\":520,\"bitRateFASTFILMZ\":1120,\"bitRateHOICHOI\":700,\"bitRateZEE5\":700,\"bitRateNDTV\":700,\"bitRateSONYLIV\":700,\"bitRateSONYLIV_LIVE\":700,\"name\":\"Medium\",\"qualityId\":\"SD\"},{\"bitRateTVPROMO\":500,\"bitRateEROSNOW\":500,\"bitRateHOOQ\":574,\"live_tv_name\":\"Low\",\"liveTvBitrate\":400,\"bitRateFASTFILMZ\":495,\"bitRateHOICHOI\":500,\"bitRateZEE5\":500,\"bitRateNDTV\":500,\"bitRateSONYLIV\":500,\"bitRateSONYLIV_LIVE\":500,\"name\":\"Low\",\"qualityId\":\"dataSaver\"}]","playerHeartBeatEnabled":"true","playerHeartBeatInterval":"30","player_post_credit_recommendation_experiment_id":"83847","player_revamp_config":"{\"auto_scroll_duration\":30000,\"auto_scroll_visibility_duration_from_end\":60000,\"auto_hide_live_tag\":\"5000\"}","plotlineEncryptionKey":"XvURR8lcdlOxOn3imzwrzeDNS2TDxAdu","popupIndex":"0","ppc_direct_claim_success_message":"Your access is valid till %s","ppc_xmp_labels":"{\"channelSelectionHeader\":\"Congratulations!\",\"channelSelectionSubHeader\":\"One OTT Channel free with your Airtel recharge\",\"continueButtonText\":\"Continue\",\"popupButtonTitle\":\"Ok, got it\",\"popupHeader\":\"Subscription Activated!\",\"popupDescription\":\"Manage your subscription from More > My Library\",\"showCrossOnChannelSelection\":true,\"cpLandingToast\":\"Congratulations! You have unlocked this CP\"}","preRollAdUnit":"{\"adUnitID\":\"\/417241724\/tv_preroll_video_prod\",\"templateIDs\":[\"11768316\"],\"showAds\":false,\"videoBeforeFirstAd\":3,\"reoccurenceCount\":4}","preRollAdUnitNew":"{\"adUnitID\":\"\/417241724\/tv_preroll_video_prod\",\"templateIDs\":[\"11768316\"],\"showAds\":false,\"videoBeforeFirstAd\":0,\"reoccurenceCount\":4}","preferred_partner_selection_skip_enabled":"false","premium_alert_title":"{\"en_US\":\"%@ Premium Movie\"}","prime_video_app_url_scheme":"https:\/\/watch.amazon.com\/","prime_video_url":"primevideo.com","privacyPolicyUrl":"http:\/\/webview.airtel.tv\/privacy_policy.html","promo_video_experiment_id":"55366","random_key":"qaz#yjm@xyz","react_version":"5","recent_episode_left_timit_limit":"60","recent_movie_left_timit_limit":"60","recent_search_item_count":"8","recent_update_interval":"300","recharge_now_popup_eligible_error":"[\"ATV202\",\"ATV203\",\"ATV206\"]","refresh_channel_call":"false","register_button_text":"Register","register_description":"Watch your favorite Movies, TV shows and Live TV!","register_header":"Enjoy all benefits of Airtel Xstream Play","register_header_v2":"Enjoy all benefits of Airtel Xstream Play","related":"{\"en_US\":\"People who saw this also saw\"}","remove_user_default_domain":"true","request_notification_permission":"false","rrs_switch":"true","rrs_switch_url":"http:\/\/rrs.airtel.tv\/","rsflow_usertype":"1","safeLiveDuration":"10","score_refresh_interval_seconds":"86400","search_delay":"3000","search_key_mw":"[{\"key\":\"people\",\"title\":\"{\\\"en_US\\\": \\\"People\\\"}\"},{\"key\":\"movie\",\"title\":\"{\\\"en_US\\\": \\\"Movies\\\"}\"},{\"key\":\"series\",\"title\":\"{\\\"en_US\\\": \\\"TV Shows\\\"}\"},{\"key\":\"video\",\"title\":\"{\\\"en_US\\\": \\\"Videos\\\"}\"},{\"key\":\"channels\",\"title\":\"{\\\"en_US\\\": \\\"Channels\\\"}\"}, {\"key\":\"livetvchannel\",\"title\":\"{\\\"en_US\\\": \\\"TV Channels\\\"}\"}]","search_keys_2":"[{\"key\":\"people\",\"title\":\"{\\\"en_US\\\": \\\"People\\\"}\"},{\"key\":\"movie\",\"title\":\"{\\\"en_US\\\": \\\"Movies\\\"}\"},{\"key\":\"series\",\"title\":\"{\\\"en_US\\\": \\\"TV Shows\\\"}\"},{\"key\":\"video\",\"title\":\"{\\\"en_US\\\": \\\"Videos\\\"}\"},{\"key\":\"channels\",\"title\":\"{\\\"en_US\\\": \\\"Channels\\\"}\"}]","search_trending":"[{\"en_US\":\"Zee TV HD\"},{\"en_US\":\"Colors HD\"},{\"en_US\":\"Namaste England\"},{\"en_US\":\"MTV\"},{\"en_US\":\"Knives Out\"},{\"en_US\":\"Citizen Khan\"},{\"en_US\":\"Twilight\"},{\"en_US\":\"Pogo\"},{\"en_US\":\"Kumkum Bhagya\"}]","search_trending_new":"{\"en\":{\"trendingSearches\":[\"Rocket Boys 2\",\"Potluck S2\",\"Minus One - New Chapter: Forever isn't Always\",\"Master Chef\",\"Everything Everywhere All At Once\",\"The Whale\",\"Baghdad Central\",\"Shotgun Wedding\",\"Shikaari - Season 2\",\"Batch 2013\",\"Maa Da Ladla\",\"Shooter\"]},\"as\":{\"trendingSearches\":[\"Rocket Boys 2\",\"Potluck S2\",\"Minus One - New Chapter: Forever isn't Always\",\"Master Chef\",\"Everything Everywhere All At Once\",\"The Whale\",\"Baghdad Central\",\"Shotgun Wedding\",\"Shikaari - Season 2\",\"Batch 2013\",\"Maa Da Ladla\",\"Shooter\"]},\"bn\":{\"trendingSearches\":[\"Rocket Boys 2\",\"Potluck S2\",\"Minus One - New Chapter: Forever isn't Always\",\"Master Chef\",\"Everything Everywhere All At Once\",\"The Whale\",\"Baghdad Central\",\"Shotgun Wedding\",\"Shikaari - Season 2\",\"Batch 2013\",\"Maa Da Ladla\",\"Shooter\"]},\"bh\":{\"trendingSearches\":[\"Rocket Boys 2\",\"Potluck S2\",\"Minus One - New Chapter: Forever isn't Always\",\"Master Chef\",\"Everything Everywhere All At Once\",\"The Whale\",\"Baghdad Central\",\"Shotgun Wedding\",\"Shikaari - Season 2\",\"Batch 2013\",\"Maa Da Ladla\",\"Shooter\"]},\"gu\":{\"trendingSearches\":[\"Rocket Boys 2\",\"Potluck S2\",\"Minus One - New Chapter: Forever isn't Always\",\"Master Chef\",\"Everything Everywhere All At Once\",\"The Whale\",\"Baghdad Central\",\"Shotgun Wedding\",\"Shikaari - Season 2\",\"Batch 2013\",\"Maa Da Ladla\",\"Shooter\"]},\"kn\":{\"trendingSearches\":[\"Rocket Boys 2\",\"Potluck S2\",\"Minus One - New Chapter: Forever isn't Always\",\"Master Chef\",\"Everything Everywhere All At Once\",\"The Whale\",\"Baghdad Central\",\"Shotgun Wedding\",\"Shikaari - Season 2\",\"Batch 2013\",\"Maa Da Ladla\",\"Shooter\"]},\"ml\":{\"trendingSearches\":[\"Rocket Boys 2\",\"Potluck S2\",\"Minus One - New Chapter: Forever isn't Always\",\"Master Chef\",\"Everything Everywhere All At Once\",\"The Whale\",\"Baghdad Central\",\"Shotgun Wedding\",\"Shikaari - Season 2\",\"Batch 2013\",\"Maa Da Ladla\",\"Shooter\"]},\"mr\":{\"trendingSearches\":[\"Rocket Boys 2\",\"Potluck S2\",\"Minus One - New Chapter: Forever isn't Always\",\"Master Chef\",\"Everything Everywhere All At Once\",\"The Whale\",\"Baghdad Central\",\"Shotgun Wedding\",\"Shikaari - Season 2\",\"Batch 2013\",\"Maa Da Ladla\",\"Shooter\"]},\"or\":{\"trendingSearches\":[\"Rocket Boys 2\",\"Potluck S2\",\"Minus One - New Chapter: Forever isn't Always\",\"Master Chef\",\"Everything Everywhere All At Once\",\"The Whale\",\"Baghdad Central\",\"Shotgun Wedding\",\"Shikaari - Season 2\",\"Batch 2013\",\"Maa Da Ladla\",\"Shooter\"]},\"pa\":{\"trendingSearches\":[\"Rocket Boys 2\",\"Potluck S2\",\"Minus One - New Chapter: Forever isn't Always\",\"Master Chef\",\"Everything Everywhere All At Once\",\"The Whale\",\"Baghdad Central\",\"Shotgun Wedding\",\"Shikaari - Season 2\",\"Batch 2013\",\"Maa Da Ladla\",\"Shooter\"]},\"ra\":{\"trendingSearches\":[\"Rocket Boys 2\",\"Potluck S2\",\"Minus One - New Chapter: Forever isn't Always\",\"Master Chef\",\"Everything Everywhere All At Once\",\"The Whale\",\"Baghdad Central\",\"Shotgun Wedding\",\"Shikaari - Season 2\",\"Batch 2013\",\"Maa Da Ladla\",\"Shooter\"]},\"ta\":{\"trendingSearches\":[\"Rocket Boys 2\",\"Potluck S2\",\"Minus One - New Chapter: Forever isn't Always\",\"Master Chef\",\"Everything Everywhere All At Once\",\"The Whale\",\"Baghdad Central\",\"Shotgun Wedding\",\"Shikaari - Season 2\",\"Batch 2013\",\"Maa Da Ladla\",\"Shooter\"]},\"te\":{\"trendingSearches\":[\"Rocket Boys 2\",\"Potluck S2\",\"Minus One - New Chapter: Forever isn't Always\",\"Master Chef\",\"Everything Everywhere All At Once\",\"The Whale\",\"Baghdad Central\",\"Shotgun Wedding\",\"Shikaari - Season 2\",\"Batch 2013\",\"Maa Da Ladla\",\"Shooter\"]},\"ur\":{\"trendingSearches\":[\"Rocket Boys 2\",\"Potluck S2\",\"Minus One - New Chapter: Forever isn't Always\",\"Master Chef\",\"Everything Everywhere All At Once\",\"The Whale\",\"Baghdad Central\",\"Shotgun Wedding\",\"Shikaari - Season 2\",\"Batch 2013\",\"Maa Da Ladla\",\"Shooter\"]},\"fr\":{\"trendingSearches\":[\"Rocket Boys 2\",\"Potluck S2\",\"Minus One - New Chapter: Forever isn't Always\",\"Master Chef\",\"Everything Everywhere All At Once\",\"The Whale\",\"Baghdad Central\",\"Shotgun Wedding\",\"Shikaari - Season 2\",\"Batch 2013\",\"Maa Da Ladla\",\"Shooter\"]}}","searchflow_usertype":"2","searchresults_usertype":"0","segmentMapping":"{\"ATVLITE\":{\"segment\":\"ATVLITE\",\"weight\":1,\"tile_res_img_url\":\"\",\"detail_res_img_url\":\"\",\"toolbar_img_url\":\"\"},\"ATVPLUS\":{\"segment\":\"ATVPLUS\",\"weight\":2,\"tile_res_img_url\":\"https:\/\/image.airtel.tv\/grandslam\/content\/2020_1_31\/group_2810.png\",\"detail_res_img_url\":\"https:\/\/image.airtel.tv\/grandslam\/content\/2020_1_31\/group_2810.png\",\"toolbar_img_url\":\"https:\/\/image.airtel.tv\/grandslam\/content\/2020_1_31\/tag_premium_withlogo.png\"},\"ATVUNLIMITED\":{\"segment\":\"ATVUNLIMITED\",\"weight\":3,\"tile_res_img_url\":\"https:\/\/image.airtel.tv\/grandslam\/content\/2020_1_31\/group_2811.png\",\"detail_res_img_url\":\"https:\/\/image.airtel.tv\/grandslam\/content\/2020_1_31\/group_2811.png\",\"toolbar_img_url\":\"https:\/\/image.airtel.tv\/grandslam\/content\/2020_1_31\/tag_unlimited_withlogo.png\"}}","segment_interval":"120","segment_start_interval":"30","selfcare_webview_url":"https:\/\/www.airtel.in\/app\/DTH\/","send_custom_attribute_to_crashlytics":"true","send_error_logs":"false","send_mail":"{\"en_US\":\"Send Mail\"}","share_app_content_new":"{\"en_US\":\"Download Airtel TV for free at https:\/\/play.google.com\/store\/apps\/details?id=tv.accedo.airtel.wynk to watch your favorite movies and tv shows\"}","share_app_url":"{\"en_US\":\"https:\/\/play.google.com\/store\/apps\/details?id=tv.accedo.airtel.wynk\"}","share_link_appsflyer":"false","share_subject_text":"{\"en_US\":\"Airtel TV - Best of Live TV, Movies, TV Shows, Trailers, Videos & more\"}","share_via":"{\"en_US\":\"Share via\"}","shouldEnableCustomLoadController":"true","shouldPlayDownloadedContent":"false","shouldRetry":"false","shouldSendSosEvents":"true","shouldShowPlayIcon":"false","shouldTrackPlotlineEvent":"true","should_enable_age_rating_ui":"true","should_include_default_MWTV_pack_key":"true","should_set_quality_auto":"true","should_show_lock_icon":"false","showTour":"false","show_branding_update_popup":"false","show_chat_option":"false","show_cp_logo":"true","show_cp_logo_cdp":"false","show_freshchat_option":"false","show_login_broadband_message":"true","show_tooltip":"false","splash_messages":"[{\"en_US\":\"Saurav Ganguly is the only Indian player to score a century in the knock out stages of a World Cup.\"},{\"en_US\":\"After Virat Kohli’s debut, India has chased down 300+ targets five times.\"},{\"en_US\":\"Sachin Tendulkar got out for a duck only once in his Ranji career.\"},{\"en_US\":\"Irfan Pathan has most wickets without playing a World Cup.\"},{\"en_US\":\"Inzamam Ul Haq took a wicket off the very first ball he bowled in International Cricket\"},{\"en_US\":\"'Saurav Ganguly is the only player to win four consecutive Man of the Match awards in ODIs.\"}]","sports_score_refresh_interval_seconds":"15","sso_login_config":"{\"timer_duration\": \"20000\"}","status_update_interval":"60","subscription_userconfig_refresh_message":"We are unable to update your subscriptions, please try again later.","svodConfig":"{\"amazon_prime_deeplink\":\"https:\/\/app.primevideo.com\/watch?gti=\",\"amazon_prime_deeplink_detail_page\":\"https:\/\/app.primevideo.com\/detail?gti=\",\"amazon_prime_package_id_mobility\":\"com.amazon.avod.thirdpartyclient\",\"amazon_prime_ref_marker\":\"dvm_liv_AIR_IN_bd_s_xap\",\"amazon_prime_package_id_largescreen\":\"com.amazon.amazonvideo.livingroom\",\"pending_cp_popup_interval_time\":1,\"polling_frequency_seconds\":30,\"polling_duration\":21,\"lbl_cp_more_detail_validity\":\"Validity as per your plan\",\"cp_logo\":{\"NETFLIX\":{\"image\":\"https:\/\/image.airtel.tv\/grandslam\/content\/2024_10_17\/Rectangle_24637_(2).png\",\"title\":\"NETFLIX\",\"cpId\":\"NETFLIX\"}},\"label_activation_failed_description\":\"Please try to claim again after sometime\",\"label_activation_processing_description\":\"Please check your status in sometime.\",\"label_activation_success_description\":\"You can now watch your favourite %s Content.\"}","switch_airtel_description":"Get access to Xstream Premium channel-Live Tv, movies and TV shows on Airtel Xstream Play exclusively to Airtel customers","switch_to_airtel_header_image_url":"https:\/\/image.airtel.tv\/grandslam\/content\/2021_10_25\/switch_airtel_header.png","switch_to_airtel_mnp_redirect_url":"https:\/\/www.airtel.in\/mnp\/","sync_api_interval":"10800","sync_behavior_attributes":"true","termsOfUseUrl":"http:\/\/webview.airtel.tv\/terms_of_use.html","testUpdateConfig":"{\"switch\":true,\"force_update_config\":{\"targetAndBelow\":\"13000\",\"liveAppMinSdk\":\"24\"},\"soft_update_config\":{\"liveAppVersion\":\"15001\",\"liveAppMinSdk\":\"24\",\"frequencyInterval\":2,\"maxCount\":30},\"update_meta\":{\"updateTitle\":\"Critical Update\",\"updateAvailableMessage\":\"We have upgraded our services to provide you a significantly better experience. Please update your app.\",\"ctaText\":\"Upgrade Now\",\"bgImageURL\":\"https:\/\/tvtbr.s3.amazonaws.com\/grandslam\/content\/2019_5_9\/2-Popup-App-Upgrade-592X832.jpg\"}}","themes_2":"[{\"colors\":{\"button\":\"#DC143C\",\"category_label\":\"#000000\",\"descirption_label\":\"#000000\",\"header_title_background\":\"#464646\",\"movie_details_button\":\"#29aae1\",\"movie_details_dark_data\":\"#383838\",\"movie_details_heading\":\"#29aae1\",\"movie_details_light_data\":\"#999999\",\"movie_details_readmore\":\"#383838\",\"nav_bar\":\"#e51c31\",\"nav_bar_light\":\"#ed1c24\",\"nav_bar_underline\":\"#DC143C\",\"price_ribbon\":\"#DC143C\",\"rail_text_color\":\"#111111\",\"rating\":\"#DC143C\",\"related_label\":\"#000000\",\"see_all_button\":\"#FFFFFF\",\"segment\":\"#fb5004\",\"statusBarColour\":\"#d41118\",\"subtitle\":\"#DC143C\",\"title\":\"#FF0000\",\"title_label\":\"#000000\"},\"id\":\"home\"},{\"colors\":{\"button\":\"#EA390C\",\"category_label\":\"#000000\",\"descirption_label\":\"#000000\",\"header_title_background\":\"#eeeeee\",\"movie_details_button\":\"#fb5004\",\"movie_details_dark_data\":\"#fb5004\",\"movie_details_heading\":\"#7f7f7f\",\"movie_details_light_data\":\"#636363\",\"movie_details_readmore\":\"#fb5004\",\"nav_bar\":\"#373737\",\"nav_bar_light\":\"#444444\",\"nav_bar_underline\":\"#fb5004\",\"price_ribbon\":\"#25528C\",\"rail_text_color\":\"#414042\",\"rating\":\"#EA390C\",\"related_label\":\"#000000\",\"see_all_button\":\"#fb5004\",\"segment\":\"#fb5004\",\"statusBarColour\":\"#333333\",\"subtitle\":\"#EA390C\",\"title\":\"#676767\",\"title_label\":\"#000000\"},\"id\":\"SONYLIV\"},{\"colors\":{\"button\":\"#29AAE1\",\"category_label\":\"#000000\",\"descirption_label\":\"#000000\",\"header_title_background\":\"#eeeeee\",\"movie_details_button\":\"#29aae1\",\"movie_details_dark_data\":\"#29aae1\",\"movie_details_heading\":\"#7f7f7f\",\"movie_details_light_data\":\"#999999\",\"movie_details_readmore\":\"#29aae1\",\"nav_bar\":\"#00669d\",\"nav_bar_light\":\"#1f88c9\",\"nav_bar_underline\":\"#29aae1\",\"price_ribbon\":\"#29AAE1\",\"rail_text_color\":\"#414042\",\"rating\":\"#3E99DA\",\"related_label\":\"#000000\",\"see_all_button\":\"#29aae1\",\"segment\":\"#29AAE1\",\"statusBarColour\":\"#1c77b0\",\"subtitle\":\"#DC143C\",\"title\":\"#676767\",\"title_label\":\"#000000\"},\"id\":\"EROSNOW\"},{\"colors\":{\"button\":\"#25528C\",\"category_label\":\"#000000\",\"descirption_label\":\"#000000\",\"header_title_background\":\"#eeeeee\",\"movie_details_button\":\"#0064dc\",\"movie_details_dark_data\":\"#00669d\",\"movie_details_heading\":\"#7f7f7f\",\"movie_details_light_data\":\"#222222\",\"movie_details_readmore\":\"#00669d\",\"nav_bar\":\"#0064DC\",\"nav_bar_light\":\"#0064DC\",\"nav_bar_underline\":\"#00669d\",\"price_ribbon\":\"#25528C\",\"rail_text_color\":\"#414042\",\"rating\":\"#25528C\",\"related_label\":\"#000000\",\"see_all_button\":\"#00669d\",\"segment\":\"#00669d\",\"statusBarColour\":\"#0050b3\",\"subtitle\":\"#25528C\",\"title\":\"#676767\",\"title_label\":\"#000000\"},\"id\":\"DAILYMOTION\"},{\"colors\":{\"button\":\"#501555\",\"category_label\":\"#000000\",\"descirption_label\":\"#000000\",\"header_title_background\":\"#eeeeee\",\"movie_details_button\":\"#501555\",\"movie_details_dark_data\":\"#501555\",\"movie_details_heading\":\"#7f7f7f\",\"movie_details_light_data\":\"#707070\",\"movie_details_readmore\":\"#501555\",\"nav_bar\":\"#4b0f5a\",\"nav_bar_light\":\"#4b0f5a\",\"nav_bar_underline\":\"#501555\",\"price_ribbon\":\"#F2BA31\",\"rail_text_color\":\"#414042\",\"rating\":\"#501555\",\"related_label\":\"#000000\",\"see_all_button\":\"#501555\",\"segment\":\"#4f1556\",\"statusBarColour\":\"#370b41\",\"subtitle\":\"#501555\",\"title\":\"#676767\",\"title_label\":\"#000000\"},\"id\":\"HOOQ\"},{\"colors\":{\"button\":\"#e62117\",\"category_label\":\"#000000\",\"descirption_label\":\"#000000\",\"header_title_background\":\"#eeeeee\",\"movie_details_button\":\"#e62117\",\"movie_details_dark_data\":\"#e62117\",\"movie_details_heading\":\"#7f7f7f\",\"movie_details_light_data\":\"#000000\",\"movie_details_readmore\":\"#e62117\",\"nav_bar\":\"#333333\",\"nav_bar_light\":\"#dd2825\",\"nav_bar_underline\":\"#e62117\",\"price_ribbon\":\"#e62117\",\"rail_text_color\":\"#414042\",\"rating\":\"#e62117\",\"related_label\":\"#000000\",\"see_all_button\":\"#e62117\",\"segment\":\"#\",\"statusBarColour\":\"#c7221f\",\"subtitle\":\"#e62117\",\"title\":\"#676767\",\"title_label\":\"#000000\"},\"id\":\"YOUTUBE\"},{\"colors\":{\"button\":\"#DC143C\",\"category_label\":\"#000000\",\"descirption_label\":\"#000000\",\"header_title_background\":\"#eeeeee\",\"movie_details_button\":\"#DC143C\",\"movie_details_dark_data\":\"#551A8B\",\"movie_details_heading\":\"#29aae1\",\"movie_details_light_data\":\"#999999\",\"movie_details_readmore\":\"#383838\",\"nav_bar\":\"#ed1c24\",\"nav_bar_light\":\"#ed1c24\",\"nav_bar_underline\":\"#00000000\",\"price_ribbon\":\"#DC143C\",\"rail_text_color\":\"#414042\",\"rating\":\"#DC143C\",\"related_label\":\"#000000\",\"see_all_button\":\"#f62427\",\"segment\":\"#\",\"statusBarColour\":\"#d41118\",\"subtitle\":\"#DC143C\",\"title\":\"#676767\",\"title_label\":\"#000000\"},\"id\":\"default\"},{\"colors\":{\"button\":\"#DC143C\",\"category_label\":\"#000000\",\"descirption_label\":\"#000000\",\"header_title_background\":\"#eeeeee\",\"movie_details_button\":\"#DC143C\",\"movie_details_dark_data\":\"#551A8B\",\"movie_details_heading\":\"#29aae1\",\"movie_details_light_data\":\"#999999\",\"movie_details_readmore\":\"#383838\",\"nav_bar\":\"#ed1c24\",\"nav_bar_light\":\"#ed1c24\",\"nav_bar_underline\":\"#00000000\",\"price_ribbon\":\"#DC143C\",\"rail_text_color\":\"#414042\",\"rating\":\"#DC143C\",\"related_label\":\"#000000\",\"see_all_button\":\"#f62427\",\"segment\":\"#\",\"statusBarColour\":\"#d41118\",\"subtitle\":\"#DC143C\",\"title\":\"#676767\",\"title_label\":\"#000000\"},\"id\":\"PROMOCP\"},{\"colors\":{\"button\":\"#DC143C\",\"category_label\":\"#000000\",\"descirption_label\":\"#000000\",\"header_title_background\":\"#464646\",\"movie_details_button\":\"#1976d2\",\"movie_details_dark_data\":\"#383838\",\"movie_details_heading\":\"#29aae1\",\"movie_details_light_data\":\"#999999\",\"movie_details_readmore\":\"#383838\",\"nav_bar\":\"#e51c31\",\"nav_bar_light\":\"#ed1c24\",\"nav_bar_underline\":\"#DC143C\",\"price_ribbon\":\"#DC143C\",\"rail_text_color\":\"#111111\",\"rating\":\"#DC143C\",\"related_label\":\"#000000\",\"see_all_button\":\"#FFFFFF\",\"segment\":\"#fb5004\",\"statusBarColour\":\"#d41118\",\"subtitle\":\"#DC143C\",\"title\":\"#FF0000\",\"title_label\":\"#000000\"},\"id\":\"HUWAEI\"},{\"colors\":{\"button\":\"#DC143C\",\"category_label\":\"#000000\",\"descirption_label\":\"#000000\",\"header_title_background\":\"#464646\",\"movie_details_button\":\"#8BC34A\",\"movie_details_dark_data\":\"#383838\",\"movie_details_heading\":\"#29aae1\",\"movie_details_light_data\":\"#999999\",\"movie_details_readmore\":\"#ED1D24\",\"nav_bar\":\"#e51c31\",\"nav_bar_light\":\"#ed1c24\",\"nav_bar_underline\":\"#DC143C\",\"price_ribbon\":\"#DC143C\",\"rail_text_color\":\"#111111\",\"rating\":\"#DC143C\",\"related_label\":\"#000000\",\"see_all_button\":\"#FFFFFF\",\"segment\":\"#fb5004\",\"statusBarColour\":\"#000000\",\"subtitle\":\"#DC143C\",\"title\":\"#FF0000\",\"title_label\":\"#000000\"},\"id\":\"HOTSTAR\"},{\"colors\":{\"button\":\"#EA390C\",\"category_label\":\"#000000\",\"descirption_label\":\"#000000\",\"header_title_background\":\"#eeeeee\",\"movie_details_button\":\"#fb5004\",\"movie_details_dark_data\":\"#fb5004\",\"movie_details_heading\":\"#7f7f7f\",\"movie_details_light_data\":\"#636363\",\"movie_details_readmore\":\"#fb5004\",\"nav_bar\":\"#373737\",\"nav_bar_light\":\"#80A942\",\"nav_bar_underline\":\"#fb5004\",\"price_ribbon\":\"#25528C\",\"rail_text_color\":\"#414042\",\"rating\":\"#EA390C\",\"related_label\":\"#000000\",\"see_all_button\":\"#fb5004\",\"segment\":\"#fb5004\",\"statusBarColour\":\"#333333\",\"subtitle\":\"#EA390C\",\"title\":\"#676767\",\"title_label\":\"#000000\"},\"id\":\"AMAZON\"},{\"colors\":{\"button\":\"#CE0474\",\"category_label\":\"#000000\",\"descirption_label\":\"#000000\",\"header_title_background\":\"#464646\",\"movie_details_button\":\"#CE0474\",\"movie_details_dark_data\":\"#CE0474\",\"movie_details_heading\":\"#29aae1\",\"movie_details_light_data\":\"#999999\",\"movie_details_readmore\":\"#CE0474\",\"nav_bar\":\"#CE0474\",\"nav_bar_light\":\"#CE0474\",\"nav_bar_underline\":\"#CE0474\",\"price_ribbon\":\"#F2BA31\",\"rail_text_color\":\"#111111\",\"rating\":\"#DC143C\",\"related_label\":\"#000000\",\"see_all_button\":\"#FFFFFF\",\"segment\":\"#fb5004\",\"statusBarColour\":\"#000000\",\"subtitle\":\"#DC143C\",\"title\":\"#FF0000\",\"title_label\":\"#000000\"},\"id\":\"FASTFILMZ\"}]","thumbor_host":"http:\/\/tvimg.wynk.in\/","tileHighlightConfig":"{\"hd\":{\"position\":3,\"imageUrl\":\"ic_hdtv_bl\"},\"new\":{\"position\":1,\"imageUrl\":\"ic_newtv\"}}","trending_limit":"10","trialPacks":"[{\"productID\":12942}]","turn_on_internet_message":"{\"en_US\":\"It seem your Internet Connection is not active. Please turn on Wi-Fi or Mobile Data Connection from Settings\"}","turn_on_mobile_data_settings_message":"Goto Settings > Mobile Data > Turn on Mobile Data","upcoming_episode_rail_enabled":"true","updateConfig":"{\"switch\":true,\"force_update_config\":{\"targetAndBelow\":\"12832\",\"liveAppMinSdk\":\"21\"},\"soft_update_config\":{\"liveAppVersion\":\"12939\",\"liveAppMinSdk\":\"21\",\"frequencyInterval\":1,\"maxCount\":10},\"update_meta\":{\"updateTitle\":\"It's Showtime!\",\"updateAvailableMessage\":\"We have something new and exciting for you\",\"ctaText\":\"Upgrade Now\",\"bgImageURL\":\"https:\/\/image.airtel.tv\/grandslam\/content\/2024_8_1\/bottomsheet.png\"}}","userconfig_api_default_interval":"1800","we_allow_only_one_active_device":"{\"en_US\":\"2.You can use one account on up to 5 devices at a time.\"}","x_BASIC_AUTH":"hbu6T8b76G8jbkjjjtftf446DGvui","xpp_claim_time_interval":"1","youtube_player_vars_origin":"http:\/\/localhost"},"fetch_time_key":1764939407277,"abt_experiments_key":[],"personalization_metadata_key":{}}