{"Fid":"dSiPULXTSTiL5AFdQ_06rl","Status":3,"AuthToken":"eyJhbGciOiJFUzI1NiIsInR5cCI6IkpXVCJ9.eyJhcHBJZCI6IjE6OTE2Mjc3MTU2NDgyOmFuZHJvaWQ6MmExODk2NGQ4MzllZTE3YSIsImV4cCI6MTc2NTU0NDIwNiwiZmlkIjoiZFNpUFVMWFRTVGlMNUFGZFFfMDZybCIsInByb2plY3ROdW1iZXIiOjkxNjI3NzE1NjQ4Mn0.AB2LPV8wRQIgbajS7e6K-QyEvhdW047oAtZ44pE8K1b9xA__XN_XJ3QCIQCJpVE5NR5NgpOT-DdFbajfsnzQz19FIM3jcKDrunf6fA","RefreshToken":"3_AS3qfwL4z2ERiarCl0tyLTDzrg2Q3nqv9PnP_0xIxiznYrdr2r56EsPXJlArH32jScMTQ1WwGOLzuahmUBvxLv2hxjEWxoFCgNmP0-vqR1TnXY4","TokenCreationEpochInSecs":1764939406,"ExpiresInSecs":604800}