{"Fid":"fmcDJ06sRsWihcDELoYcvP","Status":3,"AuthToken":"eyJhbGciOiJFUzI1NiIsInR5cCI6IkpXVCJ9.eyJhcHBJZCI6IjE6ODUwMjIwMDM3MDgxOmFuZHJvaWQ6YjgyMDdhYzQwNzViNWUxMTI3NWZjOCIsImV4cCI6MTc2MDI3ODI2MywiZmlkIjoiZm1jREowNnNSc1dpaGNERUxvWWN2UCIsInByb2plY3ROdW1iZXIiOjg1MDIyMDAzNzA4MX0.AB2LPV8wRQIhAKEfI1X2ck7wqGb_W_AQyuZJKiyZcY4I363kErXK00czAiBmpiWB-pr1hUqA67wvcsjN_RwVG_1wUBM4DedZ22Dcvw","RefreshToken":"3_AS3qfwJFTwUTMA0HvW46WeOjHXXZb491oBawlyLUTeD1OnFu5CGZLqAz1x1GYeXkA3j6NLmly1ftS7fkL9B11Q_96Kz_fgsZhbcyjNHuYTS6tTI","TokenCreationEpochInSecs":1759673463,"ExpiresInSecs":604800}