<?xml version='1.0' encoding='utf-8' standalone='yes' ?>
<map>
    <boolean name="measurement_enabled_from_api" value="true" />
    <boolean name="deep_link_retrieval_complete" value="true" />
    <long name="first_open_time" value="1758815701862" />
    <string name="gmp_app_id">1:850220037081:android:b8207ac4075b5e11275fc8</string>
    <string name="app_instance_id">8277bd00bffc989a33c43e77ce9077d9</string>
    <long name="deep_link_retrieval_attempts" value="1" />
    <long name="session_id" value="1759673463" />
    <boolean name="app_backgrounded" value="false" />
    <long name="health_monitor:start" value="1759673463441" />
    <boolean name="use_service" value="true" />
    <boolean name="deferred_analytics_collection" value="false" />
    <string name="previous_os_version">9</string>
    <boolean name="measurement_enabled" value="true" />
    <boolean name="has_been_opened" value="true" />
    <boolean name="allow_remote_dynamite" value="true" />
    <long name="last_pause_time" value="1759676629903" />
    <boolean name="start_new_session" value="false" />
</map>
