<?xml version='1.0' encoding='utf-8' standalone='yes' ?>
<map>
    <set name="fire-cls/19.0.3 device-brand/iQOO android-installer/com.android.packageinstaller fire-installations/18.0.0 android-min-sdk/23 fire-rc/22.0.0 kotlin/2.0.0 fire-android/28 fire-abt/21.1.1 device-name/c6b6dbd6a71cddb1 fire-core/21.0.0 fire-core-ktx/21.0.0 fire-perf/21.0.1 fire-analytics-ktx/22.0.2 fire-fst/25.0.0 fire-analytics/22.0.2 android-platform/ fire-cfg-ktx/22.0.0 fire-sessions/2.0.3 fire-fcm/24.0.0 device-model/2012 fire-transport/19.0.0 android-target-sdk/34">
        <string>2025-10-05</string>
    </set>
    <set name="fire-cls/19.0.3 device-brand/iQOO fire-installations/18.0.0 android-min-sdk/23 fire-rc/22.0.0 kotlin/2.0.0 fire-abt/21.1.1 fire-android/33 device-name/c6b6dbd6a71cddb1 fire-core/21.0.0 fire-core-ktx/21.0.0 fire-perf/21.0.1 fire-analytics-ktx/22.0.2 fire-analytics/22.0.2 android-installer/com.google.android.packageinstaller fire-fst/25.0.0 android-platform/ fire-cfg-ktx/22.0.0 fire-sessions/2.0.3 fire-fcm/24.0.0 device-model/2012 fire-transport/19.0.0 android-target-sdk/34">
        <string>2025-10-02</string>
    </set>
    <long name="fire-count" value="2" />
    <string name="last-used-date">2025-10-05</string>
    <long name="fire-global" value="1759370170551" />
</map>
