<?xml version='1.0' encoding='utf-8' standalone='yes' ?>
<map>
    <string name="last-used-date">2025-10-05</string>
    <long name="fire-count" value="1" />
    <long name="fire-global" value="1759673463324" />
    <set name="device-name/7695fecb4cb6944a fire-installations/18.0.0 fire-rc/22.1.0 kotlin/2.2.0 fire-auth/23.2.0 android-min-sdk/23 device-brand/90819f0877732da2 fire-dl/22.1.0 fire-android/28 fire-abt/21.1.1 android-installer/com.android.vending fire-core/21.0.0 fire-core-ktx/21.0.0 fire-perf/21.0.4 fire-analytics/22.3.0 android-platform/ fire-fcm/24.1.0 android-target-sdk/27 fire-transport/19.0.0 fire-sessions/2.0.9 fire-cls/19.4.1 device-model/7fb2420679ae7f9b">
        <string>2025-10-05</string>
    </set>
</map>
