<?xml version='1.0' encoding='utf-8' standalone='yes' ?>
<map>
    <string name="userLangPref">1,6,</string>
    <boolean name="pref_volume" value="true" />
    <boolean name="first_time_navigation_open" value="true" />
    <string name="phoneNumber">6395802758</string>
    <int name="MEDIA_SELECTION_INDEX" value="-1" />
    <boolean name="first_time_video_open" value="true" />
    <int name="MEDIA_GROUP_INDEX" value="-1" />
    <boolean name="AUTO_PLAY" value="false" />
    <boolean name="MAP_KEY_SESSION" value="false" />
    <string name="fcmtoken">c-Mbn1HpRhWQoFI3sMJbbm:APA91bFf7PM5jyyEA2SKZKshIp-hD3-UGA9rnTjMg68oQLQPpub0PTcz7ZtqUw7cS3ZtqM4EiBbZNil6XvJ7XCGa13JBjffVcBY7qbaM11rAnxesQ0guPcY</string>
    <boolean name="program_detail_already" value="true" />
    <string name="COUPON_DATA"></string>
</map>
