<?xml version='1.0' encoding='utf-8' standalone='yes' ?>
<map>
    <string name="prev_event_name">home_screen_opened</string>
    <long name="prev_event_timestamp" value="1759892320401" />
    <int name="appsFlyerInAppEventCount" value="6" />
    <long name="prev_session_dur" value="6" />
    <boolean name="ddl_sent" value="true" />
    <long name="af_rc_max_age" value="86400" />
    <string name="sentSuccessfully">true</string>
    <string name="af_remote_config">eyJmZWF0dXJlcyI6e30sInZlciI6ImRlZmF1bHQudjEuMTYzNzE0OTUyOSJ9</string>
    <int name="versionCode" value="105" />
    <string name="savedProperties">{&quot;uid&quot;:&quot;1759891748896-3345977528209942496&quot;,&quot;onelinkVersion&quot;:&quot;3&quot;,&quot;waitForCustomerId&quot;:&quot;false&quot;,&quot;logLevel&quot;:&quot;0&quot;,&quot;oneLinkSlug&quot;:&quot;tlS1&quot;,&quot;onelinkDomain&quot;:&quot;viralo.onelink.me&quot;,&quot;AppUserId&quot;:&quot;cmd9wpnfq2pdjqemknqpvqh2e&quot;,&quot;onelinkScheme&quot;:&quot;viralo:\/\/&quot;}</string>
    <string name="AF_INSTALLATION">1759891748896-3345977528209942496</string>
    <boolean name="afUninstallToken_queued" value="false" />
    <int name="appsFlyerCount" value="6" />
    <long name="af_rc_timestamp" value="1759891749357" />
    <long name="AppsFlyerTimePassedSincePrevLaunch" value="1759892319216" />
    <boolean name="newGPReferrerSent" value="true" />
    <string name="appsFlyerFirstInstall">2025-10-08_081909+0530</string>
    <string name="attributionId">{&quot;install_time&quot;:&quot;2025-10-08 02:49:13.818&quot;,&quot;af_message&quot;:&quot;organic install&quot;,&quot;af_status&quot;:&quot;Organic&quot;,&quot;is_first_launch&quot;:false}</string>
</map>
