<?xml version='1.0' encoding='utf-8' standalone='yes' ?>
<map>
    <long name="fire-count" value="1" />
    <string name="last-used-date">2025-10-08</string>
    <long name="fire-global" value="1759891748053" />
    <set name="fire-installations/18.0.0 fire-transport/18.2.0 android-min-sdk/24 device-brand/realme react-native-firebase/21.7.4 fire-android/34 android-installer/com.android.vending fire-core/21.0.0 fire-core-ktx/21.0.0 android-platform/ fire-fcm/24.1.0 device-name/RMX3660 android-target-sdk/27 kotlin/1.9.25 device-model/RE588BL1">
        <string>2025-10-08</string>
    </set>
</map>
