{"Fid":"eIXCZynCTAaON9eG-c_DXU","Status":3,"AuthToken":"eyJhbGciOiJFUzI1NiIsInR5cCI6IkpXVCJ9.eyJhcHBJZCI6IjE6MTAxNjc4NjQ0NTg4MjphbmRyb2lkOjI2MWUxNWI4MDZlYmMwOGJlZTc3MDMiLCJleHAiOjE3NjA0OTY1NTAsImZpZCI6ImVJWENaeW5DVEFhT045ZUctY19EWFUiLCJwcm9qZWN0TnVtYmVyIjoxMDE2Nzg2NDQ1ODgyfQ.AB2LPV8wRQIgUNBwARghX641LJg43hdVuDWi0fR5QX_KVS-enwxNNjQCIQCqHqPy3teybfNwa-Cg33Hs3kGxStk3Xj3qf1w3wFDz9A","RefreshToken":"3_AS3qfwILUH0EmWPbKxrpPNWNUHr9IrzRomNKONdbGX7NR-Z_3DO01BCt5yyC7m5mHYMNuxAdZqkYN9gasv9ELBK08Dm-22d-grQ8J3ypCjZ7C-s","TokenCreationEpochInSecs":1759891749,"ExpiresInSecs":604800}