<?xml version='1.0' encoding='utf-8' standalone='yes' ?>
<map>
    <long name="first_open_time" value="1750909730859" />
    <string name="gmp_app_id">1:916277156482:android:2a18964d839ee17a</string>
    <string name="app_instance_id">61a500f69b5312cb9080dd318443228f</string>
    <boolean name="has_been_opened" value="true" />
    <string name="health_monitor:value">2EC79000:Failed to send current screen to service</string>
    <boolean name="app_backgrounded" value="true" />
    <boolean name="allow_remote_dynamite" value="true" />
    <long name="health_monitor:start" value="1750909832018" />
    <boolean name="use_service" value="true" />
    <boolean name="start_new_session" value="true" />
    <long name="health_monitor:count" value="18" />
</map>
