<?xml version='1.0' encoding='utf-8' standalone='yes' ?>
<map>
    <int name="RETRY_TAP_COUNT" value="0" />
    <long name="isClick" value="0" />
    <boolean name="is_branch_init_triggered" value="true" />
    <int name="key_app_version" value="12912" />
    <boolean name="SHOW_LANG_CAROUSEL" value="false" />
    <boolean name="APP_ICON_UPGRADE" value="false" />
    <string name="geo_location_response">{&quot;city&quot;:&quot;Kolkata&quot;,&quot;country&quot;:&quot;IN&quot;,&quot;countryCode&quot;:&quot;IN&quot;,&quot;ip&quot;:&quot;152.59.163.215&quot;,&quot;state&quot;:&quot;West Bengal&quot;,&quot;stateCode&quot;:&quot;WB&quot;}</string>
    <int name="KEY_LOGIN_JOURNEY_VARIANT" value="1" />
    <string name="key_app_session_id">lUxxHj73TDGhtVUhe0-1764939406981-91246141</string>
    <long name="isShow" value="0" />
</map>
