<?xml version='1.0' encoding='utf-8' standalone='yes' ?>
<map>
    <string name="last-used-date">2025-12-05</string>
    <long name="fire-count" value="1" />
    <long name="fire-global" value="1764939405684" />
    <set name="fire-cls/18.4.1 fire-fcm/23.0.8 device-brand/vivo fire-perf/20.1.1 android-min-sdk/24 fire-analytics/21.3.0 fire-core-ktx/unspecified android-installer/com.android.secex fire-android/28 fire-sessions/1.0.2 device-name/79ed1019bd0cb5c9 fire-abt/21.0.2 fire-core/20.3.3 device-model/msm8916_32 fire-installations/17.1.3 fire-rc/21.1.2 android-platform/ fire-transport/18.1.8 kotlin/1.9.0 android-target-sdk/33">
        <string>2025-12-05</string>
    </set>
</map>
