{"name":"sentry.java.android","version":"8.17.0","packages":[{"name":"maven:io.sentry:sentry","version":"8.17.0"},{"name":"maven:io.sentry:sentry-android-core","version":"8.17.0"},{"name":"maven:io.sentry:sentry-android-replay","version":"8.17.0"},{"name":"maven:io.sentry:sentry-android-ndk","version":"8.17.0"}],"integrations":["Screenshot","ViewHierarchy","UncaughtExceptionHandler","ShutdownHook","SendCachedEnvelope","AppLifecycle","Anr","ActivityLifecycle","ActivityBreadcrumbs","UserInteraction","AppComponentsBreadcrumbs","EnvelopeFileObserver","SystemEventsBreadcrumbs","NetworkBreadcrumbs"]}